,host_name,host_since,host_location,host_response_time,host_response_rate,host_is_superhost,host_neighbourhood,host_verifications,host_has_profile_pic,host_identity_verified,neighbourhood,neighbourhood_cleansed,property_type,room_type,bathrooms_text,amenities,has_availability,first_review,last_review,license,instant_bookable,host_id,host_acceptance_rate,host_total_listings_count,latitude,longitude,accommodates,bathrooms,bedrooms,beds,price,minimum_nights,maximum_nights,minimum_nights_avg_ntm,maximum_nights_avg_ntm,availability_30,availability_60,availability_90,availability_365,number_of_reviews,number_of_reviews_ltm,number_of_reviews_l30d,review_scores_rating,review_scores_accuracy,review_scores_cleanliness,review_scores_checkin,review_scores_communication,review_scores_location,review_scores_value,reviews_per_month
154,Rick,2014-12-10,"Chicago, IL",within a few hours,100%,1,Uptown,"['email', 'phone']",t,1,Neighborhood highlights,Uptown,35,2,0 zero,"[""Paid parking on premises"", ""Outlet covers"", ""Building staff"", ""Fireplace guards"", ""Wifi"", ""Pets allowed"", ""Self check-in"", ""Heating"", ""Dryer"", ""Babysitter recommendations"", ""Pack \u2019n play/Travel crib - available upon request"", ""Shampoo"", ""Gym"", ""Hangers"", ""Bathtub"", ""Children\u2019s dinnerware"", ""Air conditioning"", ""Long term stays allowed"", ""Children\u2019s books and toys"", ""Baby bath - available upon request"", ""Washer"", ""Crib - available upon request"", ""Elevator"", ""Hair dryer"", ""Essentials"", ""Iron"", ""Fire extinguisher"", ""Luggage dropoff allowed"", ""Carbon monoxide alarm"", ""Baby monitor - available upon request"", ""TV with standard cable"", ""Smoke alarm"", ""Folding or convertible high chair - available upon request"", ""Kitchen"", ""Hot water""]",t,2015-02-22,2024-08-04,2328618,0,24705990,100.0,12.0,41.97106,-87.66777,4.0,1.4,2.0,2.1,160.0,3.0,1125,3.0,1125.0,18,46,72,178,91.0,1.0,0.0,4.93,4.98,4.99,4.97,4.96,4.72,4.84,0.78
263,Rick,2014-12-10,"Chicago, IL",within a few hours,100%,1,Uptown,"['email', 'phone']",t,1,Neighborhood highlights,Uptown,12,2,1 private bath,"[""Paid parking on premises"", ""Outlet covers"", ""Building staff"", ""Fireplace guards"", ""Wifi"", ""Pets allowed"", ""Self check-in"", ""Heating"", ""Dryer"", ""Babysitter recommendations"", ""Pack \u2019n play/Travel crib - available upon request"", ""Shampoo"", ""Gym"", ""Hangers"", ""Bathtub"", ""Children\u2019s dinnerware"", ""Air conditioning"", ""Long term stays allowed"", ""Children\u2019s books and toys"", ""Baby bath - available upon request"", ""Washer"", ""Crib - available upon request"", ""Elevator"", ""Hair dryer"", ""Essentials"", ""Bed linens"", ""Iron"", ""Fire extinguisher"", ""Luggage dropoff allowed"", ""Carbon monoxide alarm"", ""Baby monitor - available upon request"", ""TV with standard cable"", ""Smoke alarm"", ""Extra pillows and blankets"", ""Folding or convertible high chair - available upon request"", ""Kitchen"", ""Hot water""]",t,2015-07-20,2022-12-29,2328618,0,24705990,100.0,12.0,41.97146,-87.66882,2.0,1.4,1.0,2.1,85.0,3.0,1125,3.0,1125.0,12,30,49,153,44.0,0.0,0.0,4.98,4.95,5.0,4.98,4.93,4.91,4.91,0.39
273,Rick,2014-12-10,"Chicago, IL",within a few hours,100%,1,Uptown,"['email', 'phone']",t,1,Neighborhood highlights,Uptown,23,2,0 zero,"[""Paid parking on premises"", ""Refrigerator"", ""Outlet covers"", ""Building staff"", ""Fireplace guards"", ""Wifi"", ""Pets allowed"", ""Self check-in"", ""Heating"", ""Dryer"", ""Babysitter recommendations"", ""Pack \u2019n play/Travel crib - available upon request"", ""Shampoo"", ""Gym"", ""Hangers"", ""Bathtub"", ""Children\u2019s dinnerware"", ""Air conditioning"", ""Long term stays allowed"", ""Children\u2019s books and toys"", ""Baby bath - available upon request"", ""Washer"", ""Crib - available upon request"", ""Elevator"", ""Coffee maker"", ""Dishes and silverware"", ""Hair dryer"", ""Essentials"", ""Iron"", ""Fire extinguisher"", ""Luggage dropoff allowed"", ""Carbon monoxide alarm"", ""Baby monitor - available upon request"", ""TV with standard cable"", ""Smoke alarm"", ""Folding or convertible high chair - available upon request"", ""Kitchen"", ""Hot water""]",t,2015-07-24,2024-08-04,2328618,0,24705990,100.0,12.0,41.97147,-87.66861,4.0,1.4,2.0,2.1,80.0,5.0,60,5.0,60.0,18,46,72,178,35.0,1.0,0.0,4.91,4.88,4.94,4.97,4.94,4.7,4.61,0.31
917,Acme,2018-03-02,No location,within an hour,91%,0,River North,"['email', 'phone']",t,1,Neighborhood highlights,Near North Side,12,2,1 private bath,"[""Shower gel"", ""Paid parking on premises"", ""First aid kit"", ""Building staff"", ""Self check-in"", ""Wifi"", ""Pets allowed"", ""Heating"", ""Dryer"", ""Exterior security cameras on property"", ""Shampoo"", ""Gym"", ""Crib"", ""Hangers"", ""Air conditioning"", ""Long term stays allowed"", ""Washer"", ""Body soap"", ""Elevator"", ""Conditioner"", ""Hair dryer"", ""Essentials"", ""Bed linens"", ""Iron"", ""Fire extinguisher"", ""Luggage dropoff allowed"", ""Carbon monoxide alarm"", ""TV with standard cable"", ""Smoke alarm"", ""Extra pillows and blankets"", ""Hot water""]",t,2018-04-01,2022-10-10,2205899,1,176229376,98.0,7.0,41.89222,-87.627487,2.0,1.0,1.0,1.0,188.0,32.0,1125,32.0,1125.0,18,40,65,79,31.2,0.0,0.0,4.82,4.87,4.8,4.98,4.84,4.98,4.82,2.34
1157,Laura,2010-02-16,"Chicago, IL",within an hour,100%,1,West Town,"['email', 'phone', 'work_email']",t,1,Neighborhood highlights,West Town,22,2,0 zero,"[""Shower gel"", ""Refrigerator"", ""Beekman conditioner"", ""First aid kit"", ""Self check-in"", ""Wifi"", ""Beekman body soap"", ""Paid parking garage on premises \u2013 2 spaces"", ""Breakfast"", ""AC - split type ductless system"", ""Pack \u2019n play/Travel crib - available upon request"", ""Dining table"", ""Coffee"", ""Shampoo"", ""Ethernet connection"", ""Cleaning available during stay"", ""Heating - split type ductless system"", ""Hangers"", ""Wine glasses"", ""Room-darkening shades"", ""Outdoor furniture"", ""Long term stays allowed"", ""Hot water kettle"", ""Outdoor dining area"", ""42 inch HDTV with Netflix, standard cable"", ""Coffee maker"", ""Paid parking lot off premises"", ""Dishes and silverware"", ""Hair dryer"", ""Cleaning products"", ""Essentials"", ""Bed linens"", ""Iron"", ""Fire extinguisher"", ""Luggage dropoff allowed"", ""Carbon monoxide alarm"", ""Dedicated workspace"", ""Toaster"", ""Smoke alarm"", ""Extra pillows and blankets"", ""Keypad"", ""Clothing storage: closet and dresser"", ""Freezer"", ""Microwave"", ""Hot water""]",t,2022-08-10,2023-02-12,2641596,1,81779,100.0,10.0,41.90543,-87.67264,2.0,2.0,1.0,1.0,225.0,32.0,365,26.0,365.0,8,30,53,320,5.0,0.0,0.0,5.0,5.0,5.0,5.0,5.0,4.8,4.6,0.19
1158,Laura,2010-02-16,"Chicago, IL",within an hour,100%,1,West Town,"['email', 'phone', 'work_email']",t,1,Neighborhood highlights,West Town,22,2,0 zero,"[""Shower gel"", ""Refrigerator"", ""Beekman conditioner"", ""First aid kit"", ""Self check-in"", ""Wifi"", ""Dishwasher"", ""Beekman body soap"", ""42 inch HDTV with Amazon Prime Video, Hulu, Netflix, standard cable"", ""Paid parking garage on premises \u2013 2 spaces"", ""Breakfast"", ""AC - split type ductless system"", ""Dining table"", ""Coffee"", ""Shampoo"", ""Ethernet connection"", ""Cleaning available during stay"", ""Heating - split type ductless system"", ""Hangers"", ""Wine glasses"", ""Room-darkening shades"", ""Outdoor furniture"", ""Long term stays allowed"", ""Pack \u2019n play/Travel crib"", ""Hot water kettle"", ""Outdoor dining area"", ""Coffee maker"", ""Paid parking lot off premises"", ""Dishes and silverware"", ""Hair dryer"", ""Cleaning products"", ""Essentials"", ""Bed linens"", ""Iron"", ""Fire extinguisher"", ""Laundromat nearby"", ""Luggage dropoff allowed"", ""Carbon monoxide alarm"", ""Dedicated workspace"", ""Toaster"", ""Smoke alarm"", ""Extra pillows and blankets"", ""Keypad"", ""Clothing storage: closet and dresser"", ""Freezer"", ""Shared patio or balcony"", ""Microwave"", ""Hot water""]",t,2020-01-03,2024-09-13,2641596,1,81779,100.0,10.0,41.90702,-87.67183,2.0,2.0,1.0,1.0,198.0,1.0,365,1.2,365.0,12,34,64,336,57.0,32.0,4.0,4.89,4.86,4.98,4.95,4.91,4.89,4.65,0.99
1159,Laura,2010-02-16,"Chicago, IL",within an hour,100%,1,West Town,"['email', 'phone', 'work_email']",t,1,Neighborhood highlights,West Town,22,2,0 zero,"[""Shower gel"", ""Refrigerator"", ""Beekman conditioner"", ""First aid kit"", ""Self check-in"", ""Wifi"", ""Beekman body soap"", ""Paid parking garage on premises \u2013 2 spaces"", ""Breakfast"", ""AC - split type ductless system"", ""Pack \u2019n play/Travel crib - available upon request"", ""Dining table"", ""Coffee"", ""Ethernet connection"", ""Cleaning available during stay"", ""Beekman shampoo"", ""Hangers"", ""Heating - split type ductless system"", ""Wine glasses"", ""Room-darkening shades"", ""Outdoor furniture"", ""Long term stays allowed"", ""Hot water kettle"", ""Outdoor dining area"", ""42 inch HDTV with Netflix, standard cable"", ""Coffee maker"", ""Paid parking lot off premises"", ""Dishes and silverware"", ""Hair dryer"", ""Cleaning products"", ""Essentials"", ""Bed linens"", ""Iron"", ""Fire extinguisher"", ""Laundromat nearby"", ""Luggage dropoff allowed"", ""Carbon monoxide alarm"", ""Dedicated workspace"", ""Toaster"", ""Smoke alarm"", ""Extra pillows and blankets"", ""Keypad"", ""Clothing storage: closet and dresser"", ""Freezer"", ""Shared patio or balcony"", ""Microwave"", ""Hot water""]",t,2022-05-11,2023-09-03,2641596,1,81779,100.0,10.0,41.90768,-87.67212,2.0,2.0,1.0,1.0,234.0,32.0,365,25.6,365.0,7,27,57,330,5.0,0.0,0.0,5.0,5.0,5.0,5.0,5.0,5.0,5.0,0.17
1160,Laura,2010-02-16,"Chicago, IL",within an hour,100%,1,West Town,"['email', 'phone', 'work_email']",t,1,Neighborhood highlights,West Town,22,2,0 zero,"[""Shower gel"", ""Refrigerator"", ""Beekman conditioner"", ""First aid kit"", ""Self check-in"", ""Wifi"", ""Beekman body soap"", ""Paid parking garage on premises \u2013 2 spaces"", ""Breakfast"", ""AC - split type ductless system"", ""Pack \u2019n play/Travel crib - available upon request"", ""Dining table"", ""Coffee"", ""Ethernet connection"", ""Cleaning available during stay"", ""Beekman shampoo"", ""Hangers"", ""Heating - split type ductless system"", ""Wine glasses"", ""Room-darkening shades"", ""Outdoor furniture"", ""Long term stays allowed"", ""Hot water kettle"", ""Outdoor dining area"", ""42 inch HDTV with Netflix, standard cable"", ""Coffee maker"", ""Paid parking lot off premises"", ""Dishes and silverware"", ""Hair dryer"", ""Cleaning products"", ""Essentials"", ""Bed linens"", ""Iron"", ""Fire extinguisher"", ""Luggage dropoff allowed"", ""Carbon monoxide alarm"", ""Dedicated workspace"", ""Toaster"", ""Smoke alarm"", ""Extra pillows and blankets"", ""Keypad"", ""Clothing storage: closet and dresser"", ""Freezer"", ""Shared patio or balcony"", ""Microwave"", ""Hot water""]",t,2022-05-08,2023-02-05,2641596,1,81779,100.0,10.0,41.90758,-87.67315,2.0,2.0,1.0,1.0,248.0,32.0,365,26.0,365.0,14,31,57,330,4.0,0.0,0.0,4.75,5.0,5.0,4.75,5.0,5.0,4.75,0.14
1161,Laura,2010-02-16,"Chicago, IL",within an hour,100%,1,West Town,"['email', 'phone', 'work_email']",t,1,Neighborhood highlights,West Town,22,2,0 zero,"[""Shower gel"", ""Refrigerator"", ""Beekman conditioner"", ""First aid kit"", ""Self check-in"", ""Wifi"", ""Heating"", ""Beekman body soap"", ""Paid parking garage on premises \u2013 2 spaces"", ""Breakfast"", ""AC - split type ductless system"", ""Pack \u2019n play/Travel crib - available upon request"", ""Dining table"", ""Coffee"", ""Shampoo"", ""Cleaning available during stay"", ""Wine glasses"", ""Hangers"", ""Room-darkening shades"", ""Outdoor furniture"", ""Long term stays allowed"", ""Hot water kettle"", ""Outdoor dining area"", ""Coffee maker"", ""Paid parking lot off premises"", ""Dishes and silverware"", ""Hair dryer"", ""Essentials"", ""Bed linens"", ""42 inch HDTV with Amazon Prime Video, Apple TV, Hulu, Netflix, standard cable"", ""Iron"", ""Fire extinguisher"", ""Laundromat nearby"", ""Luggage dropoff allowed"", ""Carbon monoxide alarm"", ""Dedicated workspace"", ""Toaster"", ""Smoke alarm"", ""Extra pillows and blankets"", ""Keypad"", ""Clothing storage: closet and dresser"", ""Freezer"", ""Kitchen"", ""Shared patio or balcony"", ""Microwave"", ""Hot water""]",t,2018-10-10,2024-07-14,2641596,1,81779,100.0,10.0,41.90569,-87.67339,2.0,2.0,1.0,1.0,220.0,32.0,365,25.5,365.0,13,39,69,342,27.0,2.0,0.0,4.96,5.0,4.96,4.89,4.96,4.93,4.78,0.37
1162,Laura,2010-02-16,"Chicago, IL",within an hour,100%,1,West Town,"['email', 'phone', 'work_email']",t,1,Neighborhood highlights,West Town,22,2,0 zero,"[""Shower gel"", ""Refrigerator"", ""Beekman conditioner"", ""First aid kit"", ""Self check-in"", ""Wifi"", ""Beekman body soap"", ""Paid parking garage on premises \u2013 2 spaces"", ""Breakfast"", ""AC - split type ductless system"", ""Pack \u2019n play/Travel crib - available upon request"", ""Dining table"", ""Coffee"", ""Ethernet connection"", ""Cleaning available during stay"", ""Beekman shampoo"", ""Hangers"", ""Heating - split type ductless system"", ""Wine glasses"", ""Room-darkening shades"", ""Outdoor furniture"", ""Long term stays allowed"", ""Hot water kettle"", ""Outdoor dining area"", ""42 inch HDTV with Netflix, standard cable"", ""Coffee maker"", ""Paid parking lot off premises"", ""Dishes and silverware"", ""Hair dryer"", ""Cleaning products"", ""Essentials"", ""Bed linens"", ""Iron"", ""Fire extinguisher"", ""Laundromat nearby"", ""Luggage dropoff allowed"", ""Carbon monoxide alarm"", ""Dedicated workspace"", ""Toaster"", ""Smoke alarm"", ""Extra pillows and blankets"", ""Keypad"", ""Clothing storage: closet and dresser"", ""Freezer"", ""Shared patio or balcony"", ""Microwave"", ""Hot water""]",t,2021-09-19,2023-08-06,2641596,1,81779,100.0,10.0,41.90554,-87.67377,2.0,2.0,1.0,1.0,220.0,32.0,365,25.7,365.0,12,31,61,334,12.0,0.0,0.0,4.92,5.0,5.0,5.0,5.0,4.92,4.75,0.33
1163,Laura,2010-02-16,"Chicago, IL",within an hour,100%,1,West Town,"['email', 'phone', 'work_email']",t,1,Neighborhood highlights,West Town,22,2,0 zero,"[""Shower gel"", ""Refrigerator"", ""Beekman conditioner"", ""First aid kit"", ""Self check-in"", ""Wifi"", ""Dishwasher"", ""Beekman body soap"", ""Paid parking garage on premises \u2013 2 spaces"", ""Breakfast"", ""AC - split type ductless system"", ""Pack \u2019n play/Travel crib - available upon request"", ""Dining table"", ""Coffee"", ""Shampoo"", ""Ethernet connection"", ""Cleaning available during stay"", ""Heating - split type ductless system"", ""Hangers"", ""Wine glasses"", ""Room-darkening shades"", ""Outdoor furniture"", ""Long term stays allowed"", ""Hot water kettle"", ""Outdoor dining area"", ""42 inch HDTV with Netflix, standard cable"", ""Coffee maker"", ""Paid parking lot off premises"", ""Dishes and silverware"", ""Hair dryer"", ""Cleaning products"", ""Essentials"", ""Bed linens"", ""Iron"", ""Fire extinguisher"", ""Laundromat nearby"", ""Luggage dropoff allowed"", ""Carbon monoxide alarm"", ""Dedicated workspace"", ""Toaster"", ""Smoke alarm"", ""Extra pillows and blankets"", ""Keypad"", ""Clothing storage: closet and dresser"", ""Freezer"", ""Kitchen"", ""Shared patio or balcony"", ""Microwave"", ""Hot water""]",t,2019-03-09,2024-09-02,2641596,1,81779,100.0,10.0,41.90569,-87.6719,3.0,2.0,1.0,1.0,202.0,32.0,365,25.6,365.0,15,36,63,336,47.0,5.0,2.0,4.85,4.87,4.94,4.94,4.89,4.87,4.7,0.7
1164,Laura,2010-02-16,"Chicago, IL",within an hour,100%,1,West Town,"['email', 'phone', 'work_email']",t,1,Neighborhood highlights,West Town,22,2,0 zero,"[""Shower gel"", ""Beekman conditioner"", ""First aid kit"", ""Self check-in"", ""Wifi"", ""Heating"", ""Maytag refrigerator"", ""Beekman body soap"", ""Paid parking garage on premises \u2013 2 spaces"", ""Breakfast"", ""AC - split type ductless system"", ""Pack \u2019n play/Travel crib - available upon request"", ""Dining table"", ""Coffee"", ""Shampoo"", ""Ethernet connection"", ""Cleaning available during stay"", ""Wine glasses"", ""Hangers"", ""Room-darkening shades"", ""Outdoor furniture"", ""Long term stays allowed"", ""Coffee maker: drip coffee maker"", ""Hot water kettle"", ""Outdoor dining area"", ""42 inch HDTV with Netflix, standard cable"", ""Paid parking lot off premises"", ""Dishes and silverware"", ""Hair dryer"", ""Cleaning products"", ""Essentials"", ""Bed linens"", ""Iron"", ""Fire extinguisher"", ""Laundromat nearby"", ""Luggage dropoff allowed"", ""Carbon monoxide alarm"", ""Dedicated workspace"", ""Toaster"", ""Smoke alarm"", ""Extra pillows and blankets"", ""Keypad"", ""Clothing storage: closet and dresser"", ""Freezer"", ""Shared patio or balcony"", ""Microwave"", ""Hot water""]",t,2019-04-06,2024-08-05,2641596,1,81779,100.0,10.0,41.90562,-87.67317,2.0,2.0,1.0,1.0,198.0,32.0,365,25.7,365.0,10,25,55,328,6.0,1.0,0.0,5.0,5.0,5.0,5.0,5.0,5.0,4.67,0.09
1165,Laura,2010-02-16,"Chicago, IL",within an hour,100%,1,West Town,"['email', 'phone', 'work_email']",t,1,Neighborhood highlights,West Town,22,2,0 zero,"[""Shower gel"", ""Refrigerator"", ""Beekman conditioner"", ""First aid kit"", ""Fireplace guards"", ""Wifi"", ""Dishwasher"", ""Self check-in"", ""Heating"", ""Beekman body soap"", ""Paid parking garage on premises \u2013 2 spaces"", ""Breakfast"", ""AC - split type ductless system"", ""Pack \u2019n play/Travel crib - available upon request"", ""Dining table"", ""Coffee"", ""Cleaning available during stay"", ""Beekman shampoo"", ""Hangers"", ""Wine glasses"", ""Room-darkening shades"", ""Outdoor furniture"", ""Long term stays allowed"", ""Hot water kettle"", ""Outdoor dining area"", ""42 inch HDTV with Netflix, standard cable"", ""Coffee maker"", ""Paid parking lot off premises"", ""Dishes and silverware"", ""Hair dryer"", ""Cleaning products"", ""Essentials"", ""Bed linens"", ""Iron"", ""Fire extinguisher"", ""Laundromat nearby"", ""Luggage dropoff allowed"", ""Carbon monoxide alarm"", ""Dedicated workspace"", ""Toaster"", ""Smoke alarm"", ""Keypad"", ""Clothing storage: closet and dresser"", ""Freezer"", ""Microwave"", ""Hot water""]",t,2018-10-19,2024-08-18,2641596,1,81779,100.0,10.0,41.90713,-87.67388,2.0,2.0,1.0,1.0,252.0,32.0,365,26.4,365.0,10,31,54,320,28.0,4.0,1.0,4.82,4.93,4.93,4.93,4.93,4.93,4.75,0.39
1276,John,2014-05-28,"Chicago, IL",within an hour,99%,1,Logan Square,"['email', 'phone', 'work_email']",t,1,Neighborhood highlights,West Town,23,2,1 private bath,"[""Shower gel"", ""Shampoo"", ""Smoke alarm"", ""Conditioner"", ""Hair dryer"", ""Essentials"", ""Bed linens"", ""Wifi"", ""Fire extinguisher"", ""Heating"", ""Long term stays allowed"", ""Central air conditioning"", ""Self check-in"", ""Exterior security cameras on property"", ""Carbon monoxide alarm"", ""Keypad"", ""Hot water""]",t,2019-08-08,2024-08-15,2220987,0,16090300,97.0,10.0,41.90300750732422,-87.67169952392578,2.0,1.0,0.0,1.0,182.0,1.0,365,1.0,649.8,12,37,67,203,60.0,18.0,0.0,4.65,4.72,4.65,4.75,4.92,4.93,4.53,0.96
1277,John,2014-05-28,"Chicago, IL",within an hour,99%,1,Logan Square,"['email', 'phone', 'work_email']",t,1,Neighborhood highlights,West Town,23,2,1 private bath,"[""Shower gel"", ""Self check-in"", ""Wifi"", ""Heating"", ""Exterior security cameras on property"", ""Shampoo"", ""Air conditioning"", ""Long term stays allowed"", ""Body soap"", ""Conditioner"", ""Hair dryer"", ""Essentials"", ""Bed linens"", ""Fire extinguisher"", ""Carbon monoxide alarm"", ""Smoke alarm"", ""Keypad"", ""Kitchen"", ""Hot water""]",t,2019-02-18,2024-08-25,2220987,0,16090300,97.0,10.0,41.90300750732422,-87.67169952392578,2.0,1.0,0.0,1.0,185.0,1.0,365,1.0,649.8,11,35,65,200,108.0,12.4,3.0,4.81,4.86,4.81,4.82,4.89,4.92,4.73,1.59
1278,John,2014-05-28,"Chicago, IL",within an hour,99%,1,Logan Square,"['email', 'phone', 'work_email']",t,1,Neighborhood highlights,West Town,23,2,1 private bath,"[""Shampoo"", ""Smoke alarm"", ""Keypad"", ""Hair dryer"", ""Essentials"", ""Wifi"", ""Self check-in"", ""Fire extinguisher"", ""Heating"", ""Long term stays allowed"", ""Central air conditioning"", ""Exterior security cameras on property"", ""Kitchen"", ""Carbon monoxide alarm"", ""Hot water""]",t,2020-06-25,2024-08-19,2220987,0,16090300,97.0,10.0,41.90300750732422,-87.67169952392578,2.0,1.0,0.0,1.0,178.0,1.0,365,1.0,649.8,14,38,68,204,23.0,12.0,1.0,4.8,4.65,4.9,4.9,4.9,4.78,4.57,0.45
1279,John,2014-05-28,"Chicago, IL",within an hour,99%,1,Logan Square,"['email', 'phone', 'work_email']",t,1,Neighborhood highlights,West Town,23,2,1 private bath,"[""Shampoo"", ""Smoke alarm"", ""Keypad"", ""Hair dryer"", ""Essentials"", ""Wifi"", ""Self check-in"", ""Fire extinguisher"", ""Heating"", ""Long term stays allowed"", ""Central air conditioning"", ""Exterior security cameras on property"", ""Kitchen"", ""Carbon monoxide alarm"", ""Hot water""]",t,2020-09-20,2024-09-01,2220987,0,16090300,97.0,10.0,41.90300750732422,-87.67169952392578,2.0,1.0,0.0,1.0,176.0,1.0,365,1.0,649.8,15,38,68,204,18.0,5.0,2.0,4.67,4.83,4.67,4.72,4.72,4.89,4.61,0.37
1280,John,2014-05-28,"Chicago, IL",within an hour,99%,1,Logan Square,"['email', 'phone', 'work_email']",t,1,Neighborhood highlights,West Town,23,2,1 private bath,"[""Shampoo"", ""Smoke alarm"", ""Keypad"", ""Hair dryer"", ""Essentials"", ""Wifi"", ""Self check-in"", ""Fire extinguisher"", ""Heating"", ""Outdoor furniture"", ""Central air conditioning"", ""Long term stays allowed"", ""Exterior security cameras on property"", ""Kitchen"", ""Carbon monoxide alarm"", ""Hot water""]",t,2019-01-06,2024-08-13,2220987,0,16090300,97.0,10.0,41.90300750732422,-87.67169952392578,2.0,1.0,0.0,1.0,189.0,1.0,365,1.0,649.8,17,41,71,207,35.0,10.0,0.0,4.77,4.83,4.89,4.74,4.89,5.0,4.63,0.5
1281,John,2014-05-28,"Chicago, IL",within an hour,99%,1,Logan Square,"['email', 'phone', 'work_email']",t,1,Neighborhood highlights,West Town,23,2,1 private bath,"[""Shower gel"", ""Self check-in"", ""Wifi"", ""Heating"", ""Exterior security cameras on property"", ""Shampoo"", ""Outdoor furniture"", ""Long term stays allowed"", ""Central air conditioning"", ""Body soap"", ""Conditioner"", ""Hair dryer"", ""Essentials"", ""Bed linens"", ""Fire extinguisher"", ""Carbon monoxide alarm"", ""Smoke alarm"", ""Keypad"", ""Hot water""]",t,2020-03-16,2024-08-31,2220987,0,16090300,97.0,10.0,41.90300750732422,-87.67169952392578,2.0,1.0,0.0,1.0,202.0,1.0,365,1.0,649.8,19,44,74,210,96.0,10.0,1.0,4.8,4.85,4.8,4.72,4.86,4.8,4.7,1.75
1282,John,2014-05-28,"Chicago, IL",within an hour,99%,1,Logan Square,"['email', 'phone', 'work_email']",t,1,Neighborhood highlights,West Town,23,2,1 private bath,"[""Shower gel"", ""Self check-in"", ""Wifi"", ""Heating"", ""Exterior security cameras on property"", ""Shampoo"", ""Hangers"", ""Air conditioning"", ""Long term stays allowed"", ""Hair dryer"", ""Essentials"", ""Bed linens"", ""Iron"", ""Fire extinguisher"", ""Carbon monoxide alarm"", ""Smoke alarm"", ""Keypad"", ""Kitchen"", ""Hot water""]",t,2019-05-27,2024-08-26,2220987,0,16090300,97.0,10.0,41.90300750732422,-87.67169952392578,2.0,1.0,0.0,1.0,190.0,1.0,365,1.0,649.8,13,36,66,202,31.2,12.4,1.2,4.78,4.82,4.82,4.78,4.87,4.94,4.69,2.72
1283,John,2014-05-28,"Chicago, IL",within an hour,99%,1,Logan Square,"['email', 'phone', 'work_email']",t,1,Neighborhood highlights,West Town,23,2,1 private bath,"[""Self check-in"", ""Wifi"", ""Heating"", ""Exterior security cameras on property"", ""Shampoo"", ""Outdoor furniture"", ""Long term stays allowed"", ""Central air conditioning"", ""Body soap"", ""Paid parking lot off premises"", ""Conditioner"", ""Hair dryer"", ""Essentials"", ""Bed linens"", ""Laundromat nearby"", ""Fire extinguisher"", ""Carbon monoxide alarm"", ""Smoke alarm"", ""Free street parking"", ""Keypad"", ""Hot water""]",t,2019-01-01,2024-09-02,2220987,0,16090300,97.0,10.0,41.90300750732422,-87.67169952392578,2.0,1.0,0.0,1.0,196.0,1.0,365,1.0,649.8,14,39,69,205,157.0,56.0,4.0,4.66,4.67,4.73,4.7,4.81,4.87,4.55,2.26
1938,Arlo,2019-12-16,"Chicago, IL",Not defined,0%,0,Chicago Loop,"['email', 'phone']",t,1,No specified,Loop,6,2,1 private bath,"[""Coffee maker: Nespresso"", ""Crib"", ""Hair dryer"", ""Wifi"", ""55 inch TV"", ""Iron"", ""Heating"", ""Air conditioning"", ""Mini fridge"", ""Dedicated workspace""]",t,2022-05-06,2023-11-20,2583575,1,318103179,96.0,4.0,41.88448,-87.6261,2.0,1.0,1.0,1.0,162.9,32.0,1125,32.0,731.0,21,36,39,72,46.0,1.0,0.0,4.83,4.87,4.89,4.74,4.9,4.78,4.74,1.59
1939,Arlo,2019-12-16,"Chicago, IL",Not defined,0%,0,Chicago Loop,"['email', 'phone']",t,1,No specified,Loop,6,2,1 private bath,"[""Coffee maker: Nespresso"", ""Crib"", ""Hair dryer"", ""Wifi"", ""55 inch TV"", ""Iron"", ""Heating"", ""Air conditioning"", ""Mini fridge"", ""Dedicated workspace""]",t,2020-12-29,2023-09-07,2583575,1,318103179,96.0,4.0,41.8863,-87.62405,4.0,1.0,1.0,2.0,162.9,32.0,1125,32.0,731.0,19,24,28,56,25.0,0.0,0.0,4.8,4.9,4.64,4.9,4.9,4.48,4.8,0.55
2156,Arlo,2019-12-16,"Chicago, IL",Not defined,0%,0,Chicago Loop,"['email', 'phone']",t,1,No specified,Loop,6,2,1 private bath,"[""Shampoo"", ""Coffee maker: Nespresso"", ""Private gym in building"", ""Crib"", ""Conditioner"", ""Hair dryer"", ""Wifi"", ""55 inch TV"", ""Iron"", ""Heating"", ""Air conditioning"", ""Mini fridge"", ""Luggage dropoff allowed"", ""Dedicated workspace""]",t,2020-12-19,2023-10-31,47-5611763,1,318103179,96.0,4.0,41.88516,-87.62486,2.0,1.0,1.0,1.0,162.9,32.0,365,32.0,731.0,26,37,38,71,79.0,1.0,0.0,4.59,4.67,4.87,4.68,4.9,4.89,4.41,1.73
3923,RoomPicks By Victoria,2018-02-22,No location,within an hour,99%,0,North Beach,"['email', 'phone']",t,1,Neighborhood highlights,Near North Side,6,2,1 bath,"[""Paid parking on premises"", ""First aid kit"", ""Building staff"", ""Self check-in"", ""Wifi"", ""Heating"", ""Shampoo"", ""Hangers"", ""TV"", ""Air conditioning"", ""Coffee maker"", ""Hair dryer"", ""Essentials"", ""Bed linens"", ""Iron"", ""Fire extinguisher"", ""Luggage dropoff allowed"", ""Dedicated workspace"", ""Carbon monoxide alarm"", ""Pool"", ""Smoke alarm"", ""Extra pillows and blankets"", ""Hot water""]",t,2022-09-24,2024-08-04,2205605,1,174792040,97.0,11.1,41.89322,-87.63176,4.0,1.0,1.0,2.0,224.0,2.0,365,1.0,278.7,13,37,67,83,82.0,7.0,0.0,4.8,4.9,4.55,4.59,4.9,4.76,4.8,3.39
4988,RoomPicks By Victoria,2018-02-22,No location,within an hour,99%,0,North Beach,"['email', 'phone']",t,1,Neighborhood highlights,Near North Side,6,2,1 bath,"[""Paid parking on premises"", ""First aid kit"", ""Building staff"", ""Self check-in"", ""Wifi"", ""Heating"", ""Shampoo"", ""Hangers"", ""TV"", ""Air conditioning"", ""Coffee maker"", ""Hair dryer"", ""Essentials"", ""Bed linens"", ""Iron"", ""Fire extinguisher"", ""Luggage dropoff allowed"", ""Dedicated workspace"", ""Carbon monoxide alarm"", ""Pool"", ""Smoke alarm"", ""Extra pillows and blankets"", ""Hot water""]",t,2023-05-29,2024-08-25,2205605,1,174792040,97.0,11.1,41.8917306763064,-87.63099932836836,2.0,1.0,1.0,1.0,210.0,2.0,365,1.0,278.7,14,40,70,86,10.0,4.0,1.0,4.8,4.9,4.9,4.7,4.9,4.6,4.8,0.63
4989,RoomPicks By Victoria,2018-02-22,No location,within an hour,99%,0,North Beach,"['email', 'phone']",t,1,Neighborhood highlights,Near North Side,6,2,1 bath,"[""Paid parking on premises"", ""First aid kit"", ""Building staff"", ""Self check-in"", ""Wifi"", ""Heating"", ""Shampoo"", ""Hangers"", ""TV"", ""Air conditioning"", ""Coffee maker"", ""Hair dryer"", ""Essentials"", ""Bed linens"", ""Iron"", ""Fire extinguisher"", ""Luggage dropoff allowed"", ""Dedicated workspace"", ""Carbon monoxide alarm"", ""Pool"", ""Smoke alarm"", ""Extra pillows and blankets"", ""Hot water""]",t,2023-05-29,2024-08-18,2205605,1,174792040,97.0,11.1,41.89146,-87.63137,2.0,1.0,1.0,1.0,210.0,2.0,365,1.0,278.7,14,40,70,86,11.0,8.0,1.0,4.8,4.64,4.45,4.64,4.73,4.45,4.8,0.69
4990,RoomPicks By Victoria,2018-02-22,No location,within an hour,99%,0,North Beach,"['email', 'phone']",t,1,Neighborhood highlights,Near North Side,6,2,1 bath,"[""Paid parking on premises"", ""First aid kit"", ""Building staff"", ""Self check-in"", ""Wifi"", ""Heating"", ""Shampoo"", ""Hangers"", ""TV"", ""Air conditioning"", ""Coffee maker"", ""Hair dryer"", ""Essentials"", ""Bed linens"", ""Iron"", ""Fire extinguisher"", ""Luggage dropoff allowed"", ""Dedicated workspace"", ""Carbon monoxide alarm"", ""Pool"", ""Smoke alarm"", ""Extra pillows and blankets"", ""Hot water""]",t,2023-04-09,2024-09-11,2205605,1,174792040,97.0,11.1,41.89104813227118,-87.63098393055797,2.0,1.0,1.0,1.0,210.0,2.0,365,1.0,278.7,14,40,70,86,116.0,12.4,1.2,4.47,4.48,4.59,4.69,4.65,4.72,4.8,1.8
4991,RoomPicks By Victoria,2018-02-22,No location,within an hour,99%,0,North Beach,"['email', 'phone']",t,1,Neighborhood highlights,Near North Side,6,2,1 bath,"[""Paid parking on premises"", ""First aid kit"", ""Building staff"", ""Self check-in"", ""Wifi"", ""Heating"", ""Shampoo"", ""Hangers"", ""TV"", ""Air conditioning"", ""Coffee maker"", ""Hair dryer"", ""Essentials"", ""Bed linens"", ""Iron"", ""Fire extinguisher"", ""Luggage dropoff allowed"", ""Dedicated workspace"", ""Carbon monoxide alarm"", ""Pool"", ""Smoke alarm"", ""Extra pillows and blankets"", ""Hot water""]",t,2023-06-21,2024-09-11,2205605,1,174792040,97.0,11.1,41.89306,-87.63254,4.0,1.0,1.0,2.0,224.0,2.0,365,1.0,278.7,13,37,67,83,8.0,7.0,1.0,4.63,4.63,4.5,4.63,4.75,4.63,4.38,0.53
4992,RoomPicks By Victoria,2018-02-22,No location,within an hour,99%,0,North Beach,"['email', 'phone']",t,1,Neighborhood highlights,Near North Side,6,2,1 bath,"[""Paid parking on premises"", ""First aid kit"", ""Building staff"", ""Self check-in"", ""Wifi"", ""Heating"", ""Shampoo"", ""Hangers"", ""TV"", ""Air conditioning"", ""Coffee maker"", ""Hair dryer"", ""Essentials"", ""Bed linens"", ""Iron"", ""Fire extinguisher"", ""Luggage dropoff allowed"", ""Dedicated workspace"", ""Carbon monoxide alarm"", ""Pool"", ""Smoke alarm"", ""Extra pillows and blankets"", ""Hot water""]",t,2023-06-16,2024-09-08,2205605,1,174792040,97.0,11.1,41.891699170833895,-87.63084713181196,4.0,1.0,1.0,2.0,224.0,2.0,365,1.0,278.7,13,37,67,83,57.0,55.0,3.0,4.8,4.4,4.47,4.72,4.9,4.82,4.8,3.72
4993,RoomPicks By Victoria,2018-02-22,No location,within an hour,99%,0,North Beach,"['email', 'phone']",t,1,Neighborhood highlights,Near North Side,6,2,2 baths,"[""Paid parking on premises"", ""First aid kit"", ""Building staff"", ""Self check-in"", ""Wifi"", ""Heating"", ""Shampoo"", ""Hangers"", ""TV"", ""Air conditioning"", ""Coffee maker"", ""Hair dryer"", ""Essentials"", ""Bed linens"", ""Iron"", ""Fire extinguisher"", ""Luggage dropoff allowed"", ""Dedicated workspace"", ""Carbon monoxide alarm"", ""Pool"", ""Smoke alarm"", ""Extra pillows and blankets"", ""Hot water""]",t,2023-05-09,2024-05-14,2205605,1,174792040,97.0,11.1,41.8914988129962,-87.63114950435153,8.0,2.0,2.0,4.0,448.0,2.0,365,1.0,278.7,13,37,67,83,16.0,12.0,0.0,4.8,4.9,4.9,4.63,4.9,4.88,4.8,0.96
5044,RoomPicks,2023-02-20,No location,within an hour,99%,0,Central Business District,"['email', 'phone']",t,1,Neighborhood highlights,Loop,6,2,1 bath,"[""Paid parking on premises"", ""Refrigerator"", ""First aid kit"", ""Building staff"", ""Self check-in"", ""Wifi"", ""Pets allowed"", ""Heating"", ""Shampoo"", ""Gym"", ""Hangers"", ""TV"", ""Air conditioning"", ""Coffee maker"", ""Hair dryer"", ""Essentials"", ""Bed linens"", ""Iron"", ""Fire extinguisher"", ""Luggage dropoff allowed"", ""Dedicated workspace"", ""Carbon monoxide alarm"", ""Smoke alarm"", ""Extra pillows and blankets"", ""Microwave"", ""Hot water""]",t,2023-12-17,2024-09-15,2863615,1,501999514,98.0,11.1,41.88825380303894,-87.62457160291318,2.0,1.0,1.0,1.0,167.0,1.0,1125,1.0,497.0,23,50,77,332,28.0,28.0,1.2,4.57,4.9,4.93,4.61,4.9,4.96,4.8,3.04
5078,RoomPicks By Victoria,2018-02-22,No location,within an hour,99%,0,North Beach,"['email', 'phone']",t,1,Neighborhood highlights,Near North Side,6,2,4 baths,"[""Paid parking on premises"", ""First aid kit"", ""Building staff"", ""Self check-in"", ""Wifi"", ""Pets allowed"", ""Heating"", ""Dryer"", ""Shampoo"", ""Gym"", ""Hangers"", ""TV"", ""Air conditioning"", ""Washer"", ""Hair dryer"", ""Essentials"", ""Bed linens"", ""Iron"", ""Fire extinguisher"", ""Luggage dropoff allowed"", ""Dedicated workspace"", ""Carbon monoxide alarm"", ""Smoke alarm"", ""Hot water""]",t,2024-03-17,2024-09-01,2896450,1,174792040,97.0,11.1,41.89427801287639,-87.62674920993544,4.1,1.4,1.5,2.1,162.9,1.0,1125,1.0,999.0,4,25,49,307,5.0,5.0,1.0,5.0,5.0,5.0,4.8,5.0,5.0,4.8,0.81
5363,RoomPicks By Antony,2014-12-23,No location,within an hour,98%,0,Clearwater Beach,"['email', 'phone']",t,1,Neighborhood highlights,Near North Side,6,2,1 bath,"[""Refrigerator"", ""First aid kit"", ""Building staff"", ""Self check-in"", ""Wifi"", ""Heating"", ""Shampoo"", ""Gym"", ""Hangers"", ""TV"", ""Air conditioning"", ""Coffee maker"", ""Hair dryer"", ""Essentials"", ""Bed linens"", ""Iron"", ""Fire extinguisher"", ""Luggage dropoff allowed"", ""Dedicated workspace"", ""Carbon monoxide alarm"", ""Pool"", ""Smoke alarm"", ""Extra pillows and blankets"", ""Microwave"", ""Hot water""]",t,2024-08-05,2024-08-05,2863615,1,25138314,95.0,11.1,41.89395412477796,-87.61956992613814,2.0,1.0,1.0,1.0,162.9,1.0,1125,1.0,794.8,12,19,32,104,1.0,1.0,0.0,5.0,5.0,5.0,5.0,5.0,5.0,5.0,0.68
5364,RoomPicks By Antony,2014-12-23,No location,within an hour,98%,0,Clearwater Beach,"['email', 'phone']",t,1,Neighborhood highlights,Near North Side,6,2,1 bath,"[""Refrigerator"", ""First aid kit"", ""Building staff"", ""Self check-in"", ""Wifi"", ""Heating"", ""Shampoo"", ""Gym"", ""Hangers"", ""TV"", ""Air conditioning"", ""Coffee maker"", ""Hair dryer"", ""Essentials"", ""Bed linens"", ""Iron"", ""Fire extinguisher"", ""Luggage dropoff allowed"", ""Dedicated workspace"", ""Carbon monoxide alarm"", ""Pool"", ""Smoke alarm"", ""Extra pillows and blankets"", ""Microwave"", ""Hot water""]",t,31/12/2030,31/12/2030,2863615,1,25138314,95.0,11.1,41.89178957147237,-87.61882361846997,2.0,1.0,1.0,1.0,162.9,1.0,1125,1.0,794.8,12,19,32,104,0.0,0.0,0.0,4.8,5.0,4.9,4.8,4.88,4.9,4.8,0.74
5365,RoomPicks By Antony,2014-12-23,No location,within an hour,98%,0,Clearwater Beach,"['email', 'phone']",t,1,Neighborhood highlights,Near North Side,6,2,1 bath,"[""Refrigerator"", ""First aid kit"", ""Building staff"", ""Self check-in"", ""Wifi"", ""Heating"", ""Shampoo"", ""Gym"", ""Hangers"", ""TV"", ""Air conditioning"", ""Coffee maker"", ""Hair dryer"", ""Essentials"", ""Bed linens"", ""Iron"", ""Fire extinguisher"", ""Luggage dropoff allowed"", ""Dedicated workspace"", ""Carbon monoxide alarm"", ""Pool"", ""Smoke alarm"", ""Extra pillows and blankets"", ""Microwave"", ""Hot water""]",t,31/12/2030,31/12/2030,2863615,1,25138314,95.0,11.1,41.891981087557525,-87.61945169334537,2.0,1.0,1.0,1.0,162.9,1.0,1125,1.0,794.8,12,19,32,104,0.0,0.0,0.0,4.8,5.0,4.9,4.8,4.88,4.9,4.8,0.74
5366,RoomPicks By Antony,2014-12-23,No location,within an hour,98%,0,Clearwater Beach,"['email', 'phone']",t,1,Neighborhood highlights,Near North Side,6,2,1 bath,"[""Refrigerator"", ""First aid kit"", ""Building staff"", ""Self check-in"", ""Wifi"", ""Heating"", ""Shampoo"", ""Gym"", ""Hangers"", ""TV"", ""Air conditioning"", ""Coffee maker"", ""Hair dryer"", ""Essentials"", ""Bed linens"", ""Iron"", ""Fire extinguisher"", ""Luggage dropoff allowed"", ""Dedicated workspace"", ""Carbon monoxide alarm"", ""Pool"", ""Smoke alarm"", ""Extra pillows and blankets"", ""Microwave"", ""Hot water""]",t,31/12/2030,31/12/2030,2863615,1,25138314,95.0,11.1,41.89338960745057,-87.61899427311153,2.0,1.0,1.0,1.0,162.9,1.0,1125,1.0,678.5,4,7,19,145,0.0,0.0,0.0,4.8,5.0,4.9,4.8,4.88,4.9,4.8,0.74
5367,RoomPicks By Antony,2014-12-23,No location,within an hour,98%,0,Clearwater Beach,"['email', 'phone']",t,1,Neighborhood highlights,Near North Side,6,2,1 bath,"[""Refrigerator"", ""First aid kit"", ""Building staff"", ""Self check-in"", ""Wifi"", ""Heating"", ""Shampoo"", ""Gym"", ""Hangers"", ""TV"", ""Air conditioning"", ""Coffee maker"", ""Hair dryer"", ""Essentials"", ""Bed linens"", ""Iron"", ""Fire extinguisher"", ""Luggage dropoff allowed"", ""Dedicated workspace"", ""Carbon monoxide alarm"", ""Pool"", ""Smoke alarm"", ""Extra pillows and blankets"", ""Microwave"", ""Hot water""]",t,2023-10-29,2024-08-29,2863615,1,25138314,95.0,11.1,41.8921,-87.61866,2.0,1.0,1.0,1.0,162.9,1.0,1125,1.0,678.5,4,7,19,145,8.0,8.0,1.0,4.88,5.0,5.0,5.0,4.88,4.75,4.88,0.74
5368,RoomPicks By Antony,2014-12-23,No location,within an hour,98%,0,Clearwater Beach,"['email', 'phone']",t,1,Neighborhood highlights,Near North Side,6,2,1 bath,"[""Refrigerator"", ""First aid kit"", ""Building staff"", ""Self check-in"", ""Wifi"", ""Heating"", ""Shampoo"", ""Gym"", ""Hangers"", ""TV"", ""Air conditioning"", ""Coffee maker"", ""Hair dryer"", ""Essentials"", ""Bed linens"", ""Iron"", ""Fire extinguisher"", ""Luggage dropoff allowed"", ""Dedicated workspace"", ""Carbon monoxide alarm"", ""Pool"", ""Smoke alarm"", ""Extra pillows and blankets"", ""Microwave"", ""Hot water""]",t,31/12/2030,31/12/2030,2863615,1,25138314,95.0,11.1,41.89364,-87.62065,4.0,1.0,1.0,1.0,162.9,1.0,1125,1.0,565.2,8,23,36,181,0.0,0.0,0.0,4.8,5.0,4.9,4.8,4.86,4.9,4.8,0.71
5369,RoomPicks By Antony,2014-12-23,No location,within an hour,98%,0,Clearwater Beach,"['email', 'phone']",t,1,Neighborhood highlights,Near North Side,6,2,1 bath,"[""Refrigerator"", ""First aid kit"", ""Building staff"", ""Self check-in"", ""Wifi"", ""Heating"", ""Shampoo"", ""Gym"", ""Hangers"", ""TV"", ""Air conditioning"", ""Coffee maker"", ""Hair dryer"", ""Essentials"", ""Bed linens"", ""Iron"", ""Fire extinguisher"", ""Luggage dropoff allowed"", ""Dedicated workspace"", ""Carbon monoxide alarm"", ""Pool"", ""Smoke alarm"", ""Extra pillows and blankets"", ""Microwave"", ""Hot water""]",t,31/12/2030,31/12/2030,2863615,1,25138314,95.0,11.1,41.89379906947522,-87.62020035727261,4.0,1.0,1.0,1.0,162.9,1.0,1125,1.0,565.2,8,23,36,181,0.0,0.0,0.0,4.8,5.0,4.9,4.8,4.86,4.9,4.8,0.71
5370,RoomPicks By Antony,2014-12-23,No location,within an hour,98%,0,Clearwater Beach,"['email', 'phone']",t,1,Neighborhood highlights,Near North Side,6,2,1 bath,"[""Refrigerator"", ""First aid kit"", ""Building staff"", ""Self check-in"", ""Wifi"", ""Heating"", ""Shampoo"", ""Gym"", ""Hangers"", ""TV"", ""Air conditioning"", ""Coffee maker"", ""Hair dryer"", ""Essentials"", ""Bed linens"", ""Iron"", ""Fire extinguisher"", ""Luggage dropoff allowed"", ""Dedicated workspace"", ""Carbon monoxide alarm"", ""Pool"", ""Smoke alarm"", ""Extra pillows and blankets"", ""Microwave"", ""Hot water""]",t,31/12/2030,31/12/2030,2863615,1,25138314,95.0,11.1,41.8919,-87.62102,4.0,1.0,1.0,1.0,162.9,1.0,1125,1.0,565.2,8,23,36,181,0.0,0.0,0.0,4.8,5.0,4.9,4.8,4.86,4.9,4.8,0.71
5371,RoomPicks By Antony,2014-12-23,No location,within an hour,98%,0,Clearwater Beach,"['email', 'phone']",t,1,Neighborhood highlights,Near North Side,6,2,1 bath,"[""Refrigerator"", ""First aid kit"", ""Building staff"", ""Self check-in"", ""Wifi"", ""Heating"", ""Shampoo"", ""Gym"", ""Hangers"", ""TV"", ""Air conditioning"", ""Coffee maker"", ""Hair dryer"", ""Essentials"", ""Bed linens"", ""Iron"", ""Fire extinguisher"", ""Luggage dropoff allowed"", ""Dedicated workspace"", ""Carbon monoxide alarm"", ""Pool"", ""Smoke alarm"", ""Extra pillows and blankets"", ""Microwave"", ""Hot water""]",t,31/12/2030,31/12/2030,2863615,1,25138314,95.0,11.1,41.8941,-87.61959,4.0,1.0,1.0,1.0,162.9,1.0,1125,1.0,717.6,11,27,40,125,0.0,0.0,0.0,4.8,5.0,4.9,4.8,4.86,4.9,4.8,0.71
5372,RoomPicks By Antony,2014-12-23,No location,within an hour,98%,0,Clearwater Beach,"['email', 'phone']",t,1,Neighborhood highlights,Near North Side,6,2,1 bath,"[""Refrigerator"", ""First aid kit"", ""Building staff"", ""Self check-in"", ""Wifi"", ""Heating"", ""Shampoo"", ""Gym"", ""Hangers"", ""TV"", ""Air conditioning"", ""Coffee maker"", ""Hair dryer"", ""Essentials"", ""Bed linens"", ""Iron"", ""Fire extinguisher"", ""Luggage dropoff allowed"", ""Dedicated workspace"", ""Carbon monoxide alarm"", ""Pool"", ""Smoke alarm"", ""Extra pillows and blankets"", ""Microwave"", ""Hot water""]",t,31/12/2030,31/12/2030,2863615,1,25138314,95.0,11.1,41.89266,-87.61892,4.0,1.0,1.0,1.0,162.9,1.0,1125,1.0,717.6,11,27,40,125,0.0,0.0,0.0,4.8,5.0,4.9,4.8,4.86,4.9,4.8,0.71
5373,RoomPicks By Antony,2014-12-23,No location,within an hour,98%,0,Clearwater Beach,"['email', 'phone']",t,1,Neighborhood highlights,Near North Side,6,2,1 bath,"[""Refrigerator"", ""First aid kit"", ""Building staff"", ""Self check-in"", ""Wifi"", ""Heating"", ""Shampoo"", ""Gym"", ""Hangers"", ""TV"", ""Air conditioning"", ""Coffee maker"", ""Hair dryer"", ""Essentials"", ""Bed linens"", ""Iron"", ""Fire extinguisher"", ""Luggage dropoff allowed"", ""Dedicated workspace"", ""Carbon monoxide alarm"", ""Pool"", ""Smoke alarm"", ""Extra pillows and blankets"", ""Microwave"", ""Hot water""]",t,31/12/2030,31/12/2030,2863615,1,25138314,95.0,11.1,41.89411,-87.62014,4.0,1.0,1.0,1.0,162.9,1.0,1125,1.0,717.6,11,27,40,125,0.0,0.0,0.0,4.8,5.0,4.9,4.8,4.86,4.9,4.8,0.71
5559,RoomPicks,2023-02-20,No location,within an hour,99%,0,Central Business District,"['email', 'phone']",t,1,Neighborhood highlights,Near North Side,6,2,1 bath,"[""Paid parking on premises"", ""First aid kit"", ""Building staff"", ""Self check-in"", ""Wifi"", ""Pets allowed"", ""Heating"", ""Shampoo"", ""Gym"", ""Hangers"", ""TV"", ""Air conditioning"", ""Coffee maker"", ""Hair dryer"", ""Essentials"", ""Bed linens"", ""Iron"", ""Fire extinguisher"", ""Luggage dropoff allowed"", ""Dedicated workspace"", ""Carbon monoxide alarm"", ""Pool"", ""Smoke alarm"", ""Extra pillows and blankets"", ""Microwave"", ""Hot water""]",t,2024-05-20,2024-09-02,2863615,1,501999514,98.0,11.1,41.89035,-87.62811,2.0,1.0,1.0,1.0,399.0,1.0,1125,1.0,923.9,24,54,84,358,3.0,3.0,1.0,4.67,4.9,5.0,5.0,5.0,5.0,4.8,0.74
5560,RoomPicks,2023-02-20,No location,within an hour,99%,0,Central Business District,"['email', 'phone']",t,1,Neighborhood highlights,Near North Side,6,2,1 bath,"[""Paid parking on premises"", ""First aid kit"", ""Building staff"", ""Self check-in"", ""Wifi"", ""Pets allowed"", ""Heating"", ""Shampoo"", ""Gym"", ""Hangers"", ""TV"", ""Air conditioning"", ""Coffee maker"", ""Hair dryer"", ""Essentials"", ""Bed linens"", ""Iron"", ""Fire extinguisher"", ""Luggage dropoff allowed"", ""Dedicated workspace"", ""Carbon monoxide alarm"", ""Pool"", ""Smoke alarm"", ""Extra pillows and blankets"", ""Microwave"", ""Hot water""]",t,2024-01-06,2024-03-17,2863615,1,501999514,98.0,11.1,41.8900817915646,-87.62642654945513,2.0,1.0,1.0,1.0,399.0,1.0,1125,1.0,918.7,26,56,86,360,7.0,7.0,0.0,4.71,4.86,4.86,4.71,4.86,5.0,4.71,0.82
5561,RoomPicks,2023-02-20,No location,within an hour,99%,0,Central Business District,"['email', 'phone']",t,1,Neighborhood highlights,Near North Side,6,2,1 bath,"[""Paid parking on premises"", ""First aid kit"", ""Building staff"", ""Self check-in"", ""Wifi"", ""Pets allowed"", ""Heating"", ""Shampoo"", ""Gym"", ""Hangers"", ""TV"", ""Air conditioning"", ""Coffee maker"", ""Hair dryer"", ""Essentials"", ""Bed linens"", ""Iron"", ""Fire extinguisher"", ""Luggage dropoff allowed"", ""Dedicated workspace"", ""Carbon monoxide alarm"", ""Pool"", ""Smoke alarm"", ""Extra pillows and blankets"", ""Microwave"", ""Hot water""]",t,31/12/2030,31/12/2030,2863615,1,501999514,98.0,11.1,41.891365166691415,-87.6282069473735,3.0,1.0,1.0,1.0,319.0,1.0,1125,1.0,916.2,26,56,86,359,0.0,0.0,0.0,4.8,4.86,4.9,4.8,5.0,4.9,4.8,0.4
5562,RoomPicks,2023-02-20,No location,within an hour,99%,0,Central Business District,"['email', 'phone']",t,1,Neighborhood highlights,Near North Side,6,2,1 bath,"[""Paid parking on premises"", ""First aid kit"", ""Building staff"", ""Self check-in"", ""Wifi"", ""Pets allowed"", ""Heating"", ""Shampoo"", ""Gym"", ""Hangers"", ""TV"", ""Air conditioning"", ""Coffee maker"", ""Hair dryer"", ""Essentials"", ""Bed linens"", ""Iron"", ""Fire extinguisher"", ""Luggage dropoff allowed"", ""Dedicated workspace"", ""Carbon monoxide alarm"", ""Pool"", ""Smoke alarm"", ""Extra pillows and blankets"", ""Microwave"", ""Hot water""]",t,31/12/2030,31/12/2030,2863615,1,501999514,98.0,11.1,41.89207876753776,-87.62739944770688,5.0,1.0,1.0,2.0,319.0,1.0,1125,1.0,936.7,21,51,81,355,0.0,0.0,0.0,4.8,4.86,4.9,4.8,5.0,4.9,4.8,0.4
5563,RoomPicks,2023-02-20,No location,within an hour,99%,0,Central Business District,"['email', 'phone']",t,1,Neighborhood highlights,Near North Side,6,2,1 bath,"[""Paid parking on premises"", ""First aid kit"", ""Building staff"", ""Self check-in"", ""Wifi"", ""Pets allowed"", ""Heating"", ""Shampoo"", ""Gym"", ""Hangers"", ""TV"", ""Air conditioning"", ""Coffee maker"", ""Hair dryer"", ""Essentials"", ""Bed linens"", ""Iron"", ""Fire extinguisher"", ""Luggage dropoff allowed"", ""Dedicated workspace"", ""Carbon monoxide alarm"", ""Pool"", ""Smoke alarm"", ""Extra pillows and blankets"", ""Microwave"", ""Hot water""]",t,31/12/2030,31/12/2030,2863615,1,501999514,98.0,11.1,41.89132387225915,-87.62602191935926,3.0,1.0,1.0,1.0,239.0,1.0,1125,1.0,931.6,21,51,81,355,0.0,0.0,0.0,4.8,4.86,4.9,4.8,5.0,4.9,4.8,0.4
5564,RoomPicks,2023-02-20,No location,within an hour,99%,0,Central Business District,"['email', 'phone']",t,1,Neighborhood highlights,Near North Side,6,2,2 baths,"[""Paid parking on premises"", ""First aid kit"", ""Building staff"", ""Self check-in"", ""Wifi"", ""Pets allowed"", ""Heating"", ""Shampoo"", ""Gym"", ""Hangers"", ""TV"", ""Air conditioning"", ""Coffee maker"", ""Hair dryer"", ""Essentials"", ""Bed linens"", ""Iron"", ""Fire extinguisher"", ""Luggage dropoff allowed"", ""Dedicated workspace"", ""Carbon monoxide alarm"", ""Pool"", ""Smoke alarm"", ""Extra pillows and blankets"", ""Microwave"", ""Hot water""]",t,31/12/2030,31/12/2030,2863615,1,501999514,98.0,11.1,41.89029905622906,-87.62610888241261,10.0,2.0,2.0,4.0,319.0,1.0,1125,1.0,557.6,11,33,63,326,0.0,0.0,0.0,4.8,4.86,4.9,4.8,5.0,4.9,4.8,0.4
5565,RoomPicks,2023-02-20,No location,within an hour,99%,0,Central Business District,"['email', 'phone']",t,1,Neighborhood highlights,Near North Side,6,2,3 baths,"[""Paid parking on premises"", ""First aid kit"", ""Building staff"", ""Self check-in"", ""Wifi"", ""Pets allowed"", ""Heating"", ""Shampoo"", ""Gym"", ""Hangers"", ""TV"", ""Air conditioning"", ""Coffee maker"", ""Hair dryer"", ""Essentials"", ""Bed linens"", ""Iron"", ""Fire extinguisher"", ""Luggage dropoff allowed"", ""Dedicated workspace"", ""Carbon monoxide alarm"", ""Pool"", ""Smoke alarm"", ""Extra pillows and blankets"", ""Microwave"", ""Hot water""]",t,31/12/2030,31/12/2030,2863615,1,501999514,98.0,11.1,41.89203071667732,-87.62743396262536,4.1,3.0,3.0,6.0,319.0,1.0,1125,1.0,1125.0,0,0,0,0,0.0,0.0,0.0,4.8,4.86,4.9,4.8,5.0,4.9,4.8,0.4
5647,RoomPicks,2023-02-20,No location,within an hour,99%,0,Central Business District,"['email', 'phone']",t,1,Neighborhood highlights,Near North Side,6,2,2 baths,"[""Paid parking on premises"", ""Refrigerator"", ""First aid kit"", ""Building staff"", ""Self check-in"", ""Wifi"", ""Dishwasher"", ""Pets allowed"", ""Heating"", ""Stove"", ""Breakfast"", ""Shampoo"", ""Gym"", ""Hangers"", ""TV"", ""Air conditioning"", ""Coffee maker"", ""Dishes and silverware"", ""Hair dryer"", ""Essentials"", ""Bed linens"", ""Iron"", ""Fire extinguisher"", ""Luggage dropoff allowed"", ""Dedicated workspace"", ""Carbon monoxide alarm"", ""Smoke alarm"", ""Extra pillows and blankets"", ""Kitchen"", ""Cooking basics"", ""Microwave"", ""Hot water""]",t,2023-09-17,2024-02-24,2863615,1,501999514,98.0,11.1,41.89889,-87.62217,10.0,2.0,1.5,4.0,162.9,1.0,1125,1.1,642.7,18,44,74,299,7.0,6.0,0.0,4.8,4.57,4.9,4.86,4.86,5.0,4.43,0.57
5648,RoomPicks,2023-02-20,No location,within an hour,99%,0,Central Business District,"['email', 'phone']",t,1,Neighborhood highlights,Near North Side,6,2,1 bath,"[""Paid parking on premises"", ""Refrigerator"", ""First aid kit"", ""Building staff"", ""Self check-in"", ""Wifi"", ""Dishwasher"", ""Pets allowed"", ""Heating"", ""Stove"", ""Breakfast"", ""Shampoo"", ""Gym"", ""Hangers"", ""TV"", ""Air conditioning"", ""Coffee maker"", ""Dishes and silverware"", ""Hair dryer"", ""Essentials"", ""Bed linens"", ""Iron"", ""Fire extinguisher"", ""Luggage dropoff allowed"", ""Dedicated workspace"", ""Carbon monoxide alarm"", ""Smoke alarm"", ""Extra pillows and blankets"", ""Kitchen"", ""Cooking basics"", ""Microwave"", ""Hot water""]",t,2023-09-09,2024-06-21,2863615,1,501999514,98.0,11.1,41.90086782855518,-87.62091589370499,5.0,1.0,2.0,2.0,162.9,1.0,1125,1.1,637.5,20,46,76,301,16.0,14.0,0.0,4.8,4.38,4.9,4.88,4.9,4.75,4.44,1.28
5649,RoomPicks,2023-02-20,No location,within an hour,99%,0,Central Business District,"['email', 'phone']",t,1,Neighborhood highlights,Near North Side,6,2,1 bath,"[""Paid parking on premises"", ""Refrigerator"", ""First aid kit"", ""Building staff"", ""Self check-in"", ""Wifi"", ""Dishwasher"", ""Pets allowed"", ""Heating"", ""Stove"", ""Breakfast"", ""Shampoo"", ""Gym"", ""Hangers"", ""TV"", ""Air conditioning"", ""Coffee maker"", ""Dishes and silverware"", ""Hair dryer"", ""Essentials"", ""Bed linens"", ""Iron"", ""Fire extinguisher"", ""Luggage dropoff allowed"", ""Dedicated workspace"", ""Carbon monoxide alarm"", ""Smoke alarm"", ""Extra pillows and blankets"", ""Kitchen"", ""Cooking basics"", ""Microwave"", ""Hot water""]",t,2023-10-06,2023-12-28,2863615,1,501999514,98.0,11.1,41.90077,-87.62182,3.0,1.0,1.0,1.0,162.9,1.0,1125,1.1,645.2,20,46,76,298,4.0,4.0,0.0,4.8,4.9,4.9,4.9,4.9,4.9,4.8,0.34
5650,RoomPicks,2023-02-20,No location,within an hour,99%,0,Central Business District,"['email', 'phone']",t,1,Neighborhood highlights,Near North Side,6,2,1 bath,"[""Paid parking on premises"", ""Refrigerator"", ""First aid kit"", ""Building staff"", ""Self check-in"", ""Wifi"", ""Dishwasher"", ""Pets allowed"", ""Heating"", ""Stove"", ""Breakfast"", ""Shampoo"", ""Gym"", ""Hangers"", ""TV"", ""Air conditioning"", ""Coffee maker"", ""Dishes and silverware"", ""Hair dryer"", ""Essentials"", ""Bed linens"", ""Iron"", ""Fire extinguisher"", ""Luggage dropoff allowed"", ""Dedicated workspace"", ""Carbon monoxide alarm"", ""Smoke alarm"", ""Extra pillows and blankets"", ""Kitchen"", ""Cooking basics"", ""Microwave"", ""Hot water""]",t,2023-10-29,2024-07-01,2863615,1,501999514,98.0,11.1,41.89913,-87.62206,4.0,1.0,1.0,1.0,162.9,1.0,1125,1.1,637.5,20,46,76,301,5.0,5.0,0.0,4.8,4.9,4.9,4.9,4.9,4.9,4.8,0.46
5756,RoomPicks,2023-02-20,No location,within an hour,99%,0,Central Business District,"['email', 'phone']",t,1,Neighborhood highlights,Loop,6,2,1 bath,"[""Refrigerator"", ""First aid kit"", ""Building staff"", ""Self check-in"", ""Wifi"", ""Pets allowed"", ""Heating"", ""Shampoo"", ""Gym"", ""Hangers"", ""TV"", ""Air conditioning"", ""Paid parking off premises"", ""Coffee maker"", ""Hair dryer"", ""Essentials"", ""Bed linens"", ""Iron"", ""Fire extinguisher"", ""Luggage dropoff allowed"", ""Dedicated workspace"", ""Carbon monoxide alarm"", ""Smoke alarm"", ""Extra pillows and blankets"", ""Microwave"", ""Hot water""]",t,31/12/2030,31/12/2030,2863615,1,501999514,98.0,11.1,41.88546,-87.63315,3.0,1.0,1.0,1.0,319.0,1.0,1125,1.0,1125.0,0,0,0,0,0.0,0.0,0.0,4.8,4.85,4.9,4.8,4.88,4.9,4.8,4.08
5757,RoomPicks,2023-02-20,No location,within an hour,99%,0,Central Business District,"['email', 'phone']",t,1,Neighborhood highlights,Loop,6,2,4 baths,"[""Refrigerator"", ""First aid kit"", ""Building staff"", ""Self check-in"", ""Wifi"", ""Pets allowed"", ""Heating"", ""Shampoo"", ""Gym"", ""Hangers"", ""TV"", ""Air conditioning"", ""Paid parking off premises"", ""Coffee maker"", ""Hair dryer"", ""Essentials"", ""Bed linens"", ""Iron"", ""Fire extinguisher"", ""Luggage dropoff allowed"", ""Dedicated workspace"", ""Carbon monoxide alarm"", ""Smoke alarm"", ""Extra pillows and blankets"", ""Microwave"", ""Hot water""]",t,31/12/2030,31/12/2030,2863615,1,501999514,98.0,11.1,41.88320308815173,-87.63397558157402,4.1,1.4,1.5,2.1,319.0,1.0,1125,1.1,555.8,18,47,77,329,0.0,0.0,0.0,4.8,4.85,4.9,4.8,4.88,4.9,4.8,4.08
5766,RoomPicks,2023-02-20,No location,within an hour,99%,0,Gateway District,"['email', 'phone']",t,1,Neighborhood highlights,Loop,6,2,1 bath,"[""Refrigerator"", ""First aid kit"", ""Building staff"", ""Self check-in"", ""Wifi"", ""Heating"", ""Shampoo"", ""Gym"", ""Hangers"", ""TV"", ""Air conditioning"", ""Coffee maker"", ""Hair dryer"", ""Essentials"", ""Bed linens"", ""Iron"", ""Fire extinguisher"", ""Luggage dropoff allowed"", ""Dedicated workspace"", ""Carbon monoxide alarm"", ""Smoke alarm"", ""Extra pillows and blankets"", ""Hot water""]",t,2024-09-02,2024-09-02,R00002209236,1,501999278,88.0,11.1,41.88259609042317,-87.62759141805886,4.0,1.0,1.0,2.0,262.0,1.0,1125,1.1,1058.0,16,29,29,29,1.0,1.0,1.0,5.0,5.0,5.0,5.0,5.0,4.9,4.8,1.0
5767,RoomPicks,2023-02-20,No location,within an hour,99%,0,Gateway District,"['email', 'phone']",t,1,Neighborhood highlights,Loop,6,2,1 bath,"[""Refrigerator"", ""First aid kit"", ""Building staff"", ""Self check-in"", ""Wifi"", ""Heating"", ""Shampoo"", ""Gym"", ""Hangers"", ""TV"", ""Air conditioning"", ""Coffee maker"", ""Hair dryer"", ""Essentials"", ""Bed linens"", ""Iron"", ""Fire extinguisher"", ""Luggage dropoff allowed"", ""Dedicated workspace"", ""Carbon monoxide alarm"", ""Smoke alarm"", ""Extra pillows and blankets"", ""Hot water""]",t,31/12/2030,31/12/2030,R00002209236,1,501999278,88.0,11.1,41.882040050158245,-87.6277125353816,2.0,1.0,1.0,1.0,211.0,1.0,1125,1.1,1083.8,17,27,27,27,0.0,0.0,0.0,4.8,5.0,4.9,4.8,5.0,4.9,4.8,1.0
5768,RoomPicks,2023-02-20,No location,within an hour,99%,0,Gateway District,"['email', 'phone']",t,1,Neighborhood highlights,Loop,6,2,1 bath,"[""Refrigerator"", ""First aid kit"", ""Building staff"", ""Self check-in"", ""Wifi"", ""Heating"", ""Shampoo"", ""Gym"", ""Hangers"", ""TV"", ""Air conditioning"", ""Coffee maker"", ""Hair dryer"", ""Essentials"", ""Bed linens"", ""Iron"", ""Fire extinguisher"", ""Luggage dropoff allowed"", ""Dedicated workspace"", ""Carbon monoxide alarm"", ""Smoke alarm"", ""Extra pillows and blankets"", ""Hot water""]",t,31/12/2030,31/12/2030,R00002209236,1,501999278,88.0,11.1,41.88123,-87.62555,5.0,1.0,1.0,2.0,299.0,1.0,1125,1.1,514.4,14,39,69,207,0.0,0.0,0.0,4.8,5.0,4.9,4.8,5.0,4.9,4.8,1.0
5769,RoomPicks,2023-02-20,No location,within an hour,99%,0,Gateway District,"['email', 'phone']",t,1,Neighborhood highlights,Loop,6,2,1 bath,"[""Refrigerator"", ""First aid kit"", ""Building staff"", ""Self check-in"", ""Wifi"", ""Heating"", ""Shampoo"", ""Gym"", ""Hangers"", ""TV"", ""Air conditioning"", ""Coffee maker"", ""Hair dryer"", ""Essentials"", ""Bed linens"", ""Iron"", ""Fire extinguisher"", ""Luggage dropoff allowed"", ""Dedicated workspace"", ""Carbon monoxide alarm"", ""Smoke alarm"", ""Extra pillows and blankets"", ""Hot water""]",t,31/12/2030,31/12/2030,R00002209236,1,501999278,88.0,11.1,41.882840631137945,-87.62779856988449,2.0,1.0,1.0,1.0,362.0,1.0,1125,1.2,1022.2,23,38,38,38,0.0,0.0,0.0,4.8,5.0,4.9,4.8,5.0,4.9,4.8,1.0
5770,RoomPicks,2023-02-20,No location,within an hour,99%,0,Gateway District,"['email', 'phone']",t,1,Neighborhood highlights,Loop,6,2,1 bath,"[""Refrigerator"", ""First aid kit"", ""Building staff"", ""Self check-in"", ""Wifi"", ""Heating"", ""Shampoo"", ""Gym"", ""Hangers"", ""TV"", ""Air conditioning"", ""Coffee maker"", ""Hair dryer"", ""Essentials"", ""Bed linens"", ""Iron"", ""Fire extinguisher"", ""Luggage dropoff allowed"", ""Dedicated workspace"", ""Carbon monoxide alarm"", ""Smoke alarm"", ""Extra pillows and blankets"", ""Hot water""]",t,2024-09-02,2024-09-02,R00002209236,1,501999278,88.0,11.1,41.88077830077143,-87.62745114772179,4.0,1.0,1.0,2.0,220.0,1.0,1125,1.1,565.2,5,19,48,187,1.0,1.0,1.0,5.0,5.0,5.0,5.0,5.0,5.0,5.0,1.0
5771,RoomPicks,2023-02-20,No location,within an hour,99%,0,Gateway District,"['email', 'phone']",t,1,Neighborhood highlights,Loop,6,2,1 bath,"[""Refrigerator"", ""First aid kit"", ""Building staff"", ""Self check-in"", ""Wifi"", ""Heating"", ""Shampoo"", ""Gym"", ""Hangers"", ""TV"", ""Air conditioning"", ""Coffee maker"", ""Hair dryer"", ""Essentials"", ""Bed linens"", ""Iron"", ""Fire extinguisher"", ""Luggage dropoff allowed"", ""Dedicated workspace"", ""Carbon monoxide alarm"", ""Smoke alarm"", ""Extra pillows and blankets"", ""Hot water""]",t,31/12/2030,31/12/2030,R00002209236,1,501999278,88.0,11.1,41.88142236868363,-87.62569822623199,2.0,1.0,1.0,1.0,238.0,1.0,1125,1.0,542.4,16,36,66,195,0.0,0.0,0.0,4.8,5.0,4.9,4.8,5.0,4.9,4.8,0.21
5772,RoomPicks,2023-02-20,No location,within an hour,99%,0,Gateway District,"['email', 'phone']",t,1,Neighborhood highlights,Loop,6,2,1 bath,"[""Refrigerator"", ""First aid kit"", ""Building staff"", ""Self check-in"", ""Wifi"", ""Heating"", ""Shampoo"", ""Gym"", ""Hangers"", ""TV"", ""Air conditioning"", ""Coffee maker"", ""Hair dryer"", ""Essentials"", ""Bed linens"", ""Iron"", ""Fire extinguisher"", ""Luggage dropoff allowed"", ""Dedicated workspace"", ""Carbon monoxide alarm"", ""Smoke alarm"", ""Extra pillows and blankets"", ""Hot water""]",t,31/12/2030,31/12/2030,R00002209236,1,501999278,88.0,11.1,41.88249557361072,-87.62621260428443,5.0,1.0,1.0,2.0,386.0,1.0,1125,1.1,455.0,10,32,62,226,0.0,0.0,0.0,4.8,5.0,4.9,4.8,5.0,4.9,4.8,0.21
5773,RoomPicks,2023-02-20,No location,within an hour,99%,0,Gateway District,"['email', 'phone']",t,1,Neighborhood highlights,Loop,6,2,2 baths,"[""Refrigerator"", ""First aid kit"", ""Building staff"", ""Self check-in"", ""Wifi"", ""Heating"", ""Shampoo"", ""Gym"", ""Hangers"", ""TV"", ""Air conditioning"", ""Coffee maker"", ""Hair dryer"", ""Essentials"", ""Bed linens"", ""Iron"", ""Fire extinguisher"", ""Luggage dropoff allowed"", ""Dedicated workspace"", ""Carbon monoxide alarm"", ""Smoke alarm"", ""Extra pillows and blankets"", ""Hot water""]",t,2024-04-27,2024-04-27,R00002209236,1,501999278,88.0,11.1,41.88207,-87.62564,8.0,2.0,2.0,4.0,162.9,1.0,1125,1.1,1070.9,12,24,24,24,1.0,1.0,0.0,5.0,5.0,5.0,5.0,5.0,5.0,4.8,0.21
5774,RoomPicks,2023-02-20,No location,within an hour,99%,0,Gateway District,"['email', 'phone']",t,1,Neighborhood highlights,Loop,6,2,2 baths,"[""Refrigerator"", ""First aid kit"", ""Building staff"", ""Self check-in"", ""Wifi"", ""Heating"", ""Shampoo"", ""Gym"", ""Hangers"", ""TV"", ""Air conditioning"", ""Coffee maker"", ""Hair dryer"", ""Essentials"", ""Bed linens"", ""Iron"", ""Fire extinguisher"", ""Luggage dropoff allowed"", ""Dedicated workspace"", ""Carbon monoxide alarm"", ""Smoke alarm"", ""Extra pillows and blankets"", ""Hot water""]",t,31/12/2030,31/12/2030,R00002209236,1,501999278,88.0,11.1,41.88254795708342,-87.62612632561066,10.0,2.0,2.0,4.0,162.9,1.0,1125,1.1,534.0,9,33,60,198,0.0,0.0,0.0,4.8,5.0,4.9,4.8,5.0,4.9,4.8,2.11
5775,RoomPicks,2023-02-20,No location,within an hour,99%,0,Gateway District,"['email', 'phone']",t,1,Neighborhood highlights,Loop,6,2,2 baths,"[""Refrigerator"", ""First aid kit"", ""Building staff"", ""Self check-in"", ""Wifi"", ""Heating"", ""Shampoo"", ""Gym"", ""Hangers"", ""TV"", ""Air conditioning"", ""Coffee maker"", ""Hair dryer"", ""Essentials"", ""Bed linens"", ""Iron"", ""Fire extinguisher"", ""Luggage dropoff allowed"", ""Dedicated workspace"", ""Carbon monoxide alarm"", ""Smoke alarm"", ""Extra pillows and blankets"", ""Hot water""]",t,31/12/2030,31/12/2030,R00002209236,1,501999278,88.0,11.1,41.88068130106655,-87.62698464999856,8.0,2.0,2.0,4.0,440.0,1.0,1125,1.1,671.9,1,7,20,151,0.0,0.0,0.0,4.8,5.0,4.9,4.8,5.0,4.9,4.8,2.11
5776,RoomPicks,2023-02-20,No location,within an hour,99%,0,Gateway District,"['email', 'phone']",t,1,Neighborhood highlights,Loop,6,2,3 baths,"[""Refrigerator"", ""First aid kit"", ""Building staff"", ""Self check-in"", ""Wifi"", ""Heating"", ""Shampoo"", ""Gym"", ""Hangers"", ""TV"", ""Air conditioning"", ""Coffee maker"", ""Hair dryer"", ""Essentials"", ""Bed linens"", ""Iron"", ""Fire extinguisher"", ""Luggage dropoff allowed"", ""Dedicated workspace"", ""Carbon monoxide alarm"", ""Smoke alarm"", ""Extra pillows and blankets"", ""Hot water""]",t,31/12/2030,31/12/2030,R00002209236,1,501999278,88.0,11.1,41.88247,-87.62571,12.0,3.0,3.0,6.0,162.9,1.0,1125,1.1,1068.5,10,19,19,19,0.0,0.0,0.0,4.8,5.0,4.9,4.8,5.0,4.9,4.8,2.11
5777,RoomPicks,2023-02-20,No location,within an hour,99%,0,Gateway District,"['email', 'phone']",t,1,Neighborhood highlights,Loop,6,2,3 baths,"[""Refrigerator"", ""First aid kit"", ""Building staff"", ""Self check-in"", ""Wifi"", ""Heating"", ""Shampoo"", ""Gym"", ""Hangers"", ""TV"", ""Air conditioning"", ""Coffee maker"", ""Hair dryer"", ""Essentials"", ""Bed linens"", ""Iron"", ""Fire extinguisher"", ""Luggage dropoff allowed"", ""Dedicated workspace"", ""Carbon monoxide alarm"", ""Smoke alarm"", ""Extra pillows and blankets"", ""Hot water""]",t,31/12/2030,31/12/2030,R00002209236,1,501999278,88.0,11.1,41.88260942367535,-87.62715447666872,4.1,1.4,3.0,2.1,162.9,1.0,1125,1.1,569.8,6,24,51,187,0.0,0.0,0.0,4.8,5.0,4.9,4.8,5.0,4.9,4.8,2.11
5823,RoomPicks,2023-02-20,No location,within an hour,99%,0,Central Business District,"['email', 'phone']",t,1,Neighborhood highlights,Near North Side,6,2,1 bath,"[""Paid parking on premises"", ""First aid kit"", ""Building staff"", ""Self check-in"", ""Wifi"", ""Pets allowed"", ""Heating"", ""Shampoo"", ""Gym"", ""Hangers"", ""TV"", ""Air conditioning"", ""Coffee maker"", ""Hair dryer"", ""Essentials"", ""Bed linens"", ""Iron"", ""Fire extinguisher"", ""Luggage dropoff allowed"", ""Dedicated workspace"", ""Carbon monoxide alarm"", ""Pool"", ""Smoke alarm"", ""Extra pillows and blankets"", ""Microwave"", ""Hot water""]",t,2023-12-28,2024-08-31,2863615,1,501999514,98.0,11.1,41.890418692368016,-87.62589921906006,4.0,1.0,1.0,2.0,399.0,1.0,1125,1.0,918.7,26,56,86,360,14.0,14.0,1.0,4.8,4.43,4.79,4.57,4.9,4.86,4.8,1.58
5858,RoomPicks,2023-02-20,No location,within an hour,99%,0,Central Business District,"['email', 'phone']",t,1,Neighborhood highlights,Loop,6,2,1 bath,"[""Paid parking on premises"", ""Refrigerator"", ""First aid kit"", ""Building staff"", ""Self check-in"", ""Wifi"", ""Pets allowed"", ""Heating"", ""Shampoo"", ""Gym"", ""Hangers"", ""TV"", ""Air conditioning"", ""Coffee maker"", ""Hair dryer"", ""Essentials"", ""Bed linens"", ""Iron"", ""Fire extinguisher"", ""Luggage dropoff allowed"", ""Dedicated workspace"", ""Carbon monoxide alarm"", ""Smoke alarm"", ""Extra pillows and blankets"", ""Microwave"", ""Hot water""]",t,2024-05-13,2024-05-13,2863615,1,501999514,98.0,11.1,41.88683318314595,-87.62641536917346,3.0,1.0,1.0,1.0,399.0,1.0,1125,1.0,692.1,25,55,85,340,1.0,1.0,0.0,5.0,5.0,5.0,5.0,4.9,5.0,4.8,0.23
5859,RoomPicks,2023-02-20,No location,within an hour,99%,0,Central Business District,"['email', 'phone']",t,1,Neighborhood highlights,Loop,6,2,1 bath,"[""Paid parking on premises"", ""Refrigerator"", ""First aid kit"", ""Building staff"", ""Self check-in"", ""Wifi"", ""Pets allowed"", ""Heating"", ""Shampoo"", ""Gym"", ""Hangers"", ""TV"", ""Air conditioning"", ""Coffee maker"", ""Hair dryer"", ""Essentials"", ""Bed linens"", ""Iron"", ""Fire extinguisher"", ""Luggage dropoff allowed"", ""Dedicated workspace"", ""Carbon monoxide alarm"", ""Smoke alarm"", ""Extra pillows and blankets"", ""Microwave"", ""Hot water""]",t,31/12/2030,31/12/2030,2863615,1,501999514,98.0,11.1,41.88658763778557,-87.62651189887661,2.0,1.0,1.0,1.0,399.0,1.0,1125,1.0,568.9,22,51,81,333,0.0,0.0,0.0,4.8,5.0,4.9,4.8,4.87,4.9,4.8,2.65
5860,RoomPicks,2023-02-20,No location,within an hour,99%,0,Central Business District,"['email', 'phone']",t,1,Neighborhood highlights,Near North Side,6,2,1 bath,"[""Paid parking on premises"", ""Refrigerator"", ""First aid kit"", ""Building staff"", ""Self check-in"", ""Wifi"", ""Pets allowed"", ""Heating"", ""Shampoo"", ""Gym"", ""Hangers"", ""TV"", ""Air conditioning"", ""Coffee maker"", ""Hair dryer"", ""Essentials"", ""Bed linens"", ""Iron"", ""Fire extinguisher"", ""Luggage dropoff allowed"", ""Dedicated workspace"", ""Carbon monoxide alarm"", ""Smoke alarm"", ""Extra pillows and blankets"", ""Microwave"", ""Hot water""]",t,2024-01-02,2024-08-25,2863615,1,501999514,98.0,11.1,41.888447727016704,-87.62688744667747,4.0,1.0,1.0,2.0,399.0,1.0,1125,1.0,490.7,25,55,85,333,23.0,23.0,3.0,4.87,4.96,4.96,4.78,4.87,5.0,4.61,2.65
5861,RoomPicks,2023-02-20,No location,within an hour,99%,0,Central Business District,"['email', 'phone']",t,1,Neighborhood highlights,Loop,6,2,1 bath,"[""Paid parking on premises"", ""Refrigerator"", ""First aid kit"", ""Building staff"", ""Self check-in"", ""Wifi"", ""Pets allowed"", ""Heating"", ""Shampoo"", ""Gym"", ""Hangers"", ""TV"", ""Air conditioning"", ""Coffee maker"", ""Hair dryer"", ""Essentials"", ""Bed linens"", ""Iron"", ""Fire extinguisher"", ""Luggage dropoff allowed"", ""Dedicated workspace"", ""Carbon monoxide alarm"", ""Smoke alarm"", ""Extra pillows and blankets"", ""Microwave"", ""Hot water""]",t,31/12/2030,31/12/2030,2863615,1,501999514,98.0,11.1,41.8871,-87.62474,3.0,1.0,1.0,1.0,319.0,1.0,1125,1.0,653.5,15,44,74,329,0.0,0.0,0.0,4.8,4.96,4.9,4.8,5.0,4.9,4.8,0.26
5862,RoomPicks,2023-02-20,No location,within an hour,99%,0,Central Business District,"['email', 'phone']",t,1,Neighborhood highlights,Loop,6,2,1 bath,"[""Paid parking on premises"", ""Refrigerator"", ""First aid kit"", ""Building staff"", ""Self check-in"", ""Wifi"", ""Pets allowed"", ""Heating"", ""Shampoo"", ""Gym"", ""Hangers"", ""TV"", ""Air conditioning"", ""Coffee maker"", ""Hair dryer"", ""Essentials"", ""Bed linens"", ""Iron"", ""Fire extinguisher"", ""Luggage dropoff allowed"", ""Dedicated workspace"", ""Carbon monoxide alarm"", ""Smoke alarm"", ""Extra pillows and blankets"", ""Microwave"", ""Hot water""]",t,31/12/2030,31/12/2030,2863615,1,501999514,98.0,11.1,41.888407937128605,-87.6245300557791,4.0,1.0,1.0,4.0,399.0,1.0,1125,1.0,633.1,23,53,83,338,0.0,0.0,0.0,4.8,4.96,4.9,4.8,5.0,4.9,4.8,0.26
5863,RoomPicks,2023-02-20,No location,within an hour,99%,0,Central Business District,"['email', 'phone']",t,1,Neighborhood highlights,Loop,6,2,1 bath,"[""Paid parking on premises"", ""Refrigerator"", ""First aid kit"", ""Building staff"", ""Self check-in"", ""Wifi"", ""Pets allowed"", ""Heating"", ""Shampoo"", ""Gym"", ""Hangers"", ""TV"", ""Air conditioning"", ""Coffee maker"", ""Hair dryer"", ""Essentials"", ""Bed linens"", ""Iron"", ""Fire extinguisher"", ""Luggage dropoff allowed"", ""Dedicated workspace"", ""Carbon monoxide alarm"", ""Smoke alarm"", ""Extra pillows and blankets"", ""Microwave"", ""Hot water""]",t,31/12/2030,31/12/2030,2863615,1,501999514,98.0,11.1,41.88633523567125,-87.62619108125458,3.0,1.0,1.0,1.0,319.0,1.0,1125,1.0,692.1,25,55,85,340,0.0,0.0,0.0,4.8,4.96,4.9,4.8,5.0,4.9,4.8,0.26
5864,RoomPicks,2023-02-20,No location,within an hour,99%,0,Central Business District,"['email', 'phone']",t,1,Neighborhood highlights,Loop,6,2,1 bath,"[""Paid parking on premises"", ""Refrigerator"", ""First aid kit"", ""Building staff"", ""Self check-in"", ""Wifi"", ""Pets allowed"", ""Heating"", ""Shampoo"", ""Gym"", ""Hangers"", ""TV"", ""Air conditioning"", ""Coffee maker"", ""Hair dryer"", ""Essentials"", ""Bed linens"", ""Iron"", ""Fire extinguisher"", ""Luggage dropoff allowed"", ""Dedicated workspace"", ""Carbon monoxide alarm"", ""Smoke alarm"", ""Extra pillows and blankets"", ""Microwave"", ""Hot water""]",t,2024-05-24,2024-05-24,2863615,1,501999514,98.0,11.1,41.88809403378832,-87.62477231912753,3.0,1.0,1.0,1.0,319.0,1.0,1125,1.0,692.1,25,55,85,340,1.0,1.0,0.0,5.0,4.9,5.0,5.0,5.0,5.0,4.8,0.26
5865,RoomPicks,2023-02-20,No location,within an hour,99%,0,Central Business District,"['email', 'phone']",t,1,Neighborhood highlights,Loop,6,2,1 bath,"[""Paid parking on premises"", ""Refrigerator"", ""First aid kit"", ""Building staff"", ""Self check-in"", ""Wifi"", ""Pets allowed"", ""Heating"", ""Shampoo"", ""Gym"", ""Hangers"", ""TV"", ""Air conditioning"", ""Coffee maker"", ""Hair dryer"", ""Essentials"", ""Bed linens"", ""Iron"", ""Fire extinguisher"", ""Luggage dropoff allowed"", ""Dedicated workspace"", ""Carbon monoxide alarm"", ""Smoke alarm"", ""Extra pillows and blankets"", ""Microwave"", ""Hot water""]",t,31/12/2030,31/12/2030,2863615,1,501999514,98.0,11.1,41.88702097482835,-87.62681989440522,3.0,1.0,1.0,1.0,319.0,1.0,1125,1.0,692.1,25,55,85,340,0.0,0.0,0.0,4.8,4.9,4.9,4.8,5.0,4.9,4.8,0.1
5866,RoomPicks,2023-02-20,No location,within an hour,99%,0,Central Business District,"['email', 'phone']",t,1,Neighborhood highlights,Loop,6,2,1 bath,"[""Paid parking on premises"", ""Refrigerator"", ""First aid kit"", ""Building staff"", ""Self check-in"", ""Wifi"", ""Pets allowed"", ""Heating"", ""Shampoo"", ""Gym"", ""Hangers"", ""TV"", ""Air conditioning"", ""Coffee maker"", ""Hair dryer"", ""Essentials"", ""Bed linens"", ""Iron"", ""Fire extinguisher"", ""Luggage dropoff allowed"", ""Dedicated workspace"", ""Carbon monoxide alarm"", ""Smoke alarm"", ""Extra pillows and blankets"", ""Microwave"", ""Hot water""]",t,31/12/2030,31/12/2030,2863615,1,501999514,98.0,11.1,41.88823830916403,-87.62618587936724,3.0,1.0,1.0,1.0,319.0,1.0,1125,1.0,692.1,25,55,85,340,0.0,0.0,0.0,4.8,4.9,4.9,4.8,5.0,4.9,4.8,0.1
5867,RoomPicks,2023-02-20,No location,within an hour,99%,0,Central Business District,"['email', 'phone']",t,1,Neighborhood highlights,Loop,6,2,1 bath,"[""Paid parking on premises"", ""Refrigerator"", ""First aid kit"", ""Building staff"", ""Self check-in"", ""Wifi"", ""Pets allowed"", ""Heating"", ""Shampoo"", ""Gym"", ""Hangers"", ""TV"", ""Air conditioning"", ""Coffee maker"", ""Hair dryer"", ""Essentials"", ""Bed linens"", ""Iron"", ""Fire extinguisher"", ""Luggage dropoff allowed"", ""Dedicated workspace"", ""Carbon monoxide alarm"", ""Smoke alarm"", ""Extra pillows and blankets"", ""Microwave"", ""Hot water""]",t,2023-12-05,2023-12-05,2863615,1,501999514,98.0,11.1,41.88823064548286,-87.62464118499693,3.0,1.0,1.0,1.0,319.0,1.0,1125,1.0,692.1,25,55,85,340,1.0,1.0,0.0,5.0,5.0,5.0,5.0,5.0,5.0,5.0,0.1
5868,RoomPicks,2023-02-20,No location,within an hour,99%,0,Central Business District,"['email', 'phone']",t,1,Neighborhood highlights,Near North Side,6,2,1 bath,"[""Paid parking on premises"", ""Refrigerator"", ""First aid kit"", ""Building staff"", ""Self check-in"", ""Wifi"", ""Pets allowed"", ""Heating"", ""Shampoo"", ""Gym"", ""Hangers"", ""TV"", ""Air conditioning"", ""Coffee maker"", ""Hair dryer"", ""Essentials"", ""Bed linens"", ""Iron"", ""Fire extinguisher"", ""Luggage dropoff allowed"", ""Dedicated workspace"", ""Carbon monoxide alarm"", ""Smoke alarm"", ""Extra pillows and blankets"", ""Microwave"", ""Hot water""]",t,31/12/2030,31/12/2030,2863615,1,501999514,98.0,11.1,41.88833024200146,-87.62641350270103,3.0,1.0,1.0,1.0,319.0,1.0,1125,1.0,1125.0,0,0,0,0,0.0,0.0,0.0,4.8,5.0,4.9,4.8,5.0,4.9,4.8,0.74
5869,RoomPicks,2023-02-20,No location,within an hour,99%,0,Central Business District,"['email', 'phone']",t,1,Neighborhood highlights,Loop,6,2,1 bath,"[""Paid parking on premises"", ""Refrigerator"", ""First aid kit"", ""Building staff"", ""Self check-in"", ""Wifi"", ""Pets allowed"", ""Heating"", ""Shampoo"", ""Gym"", ""Hangers"", ""TV"", ""Air conditioning"", ""Coffee maker"", ""Hair dryer"", ""Essentials"", ""Bed linens"", ""Iron"", ""Fire extinguisher"", ""Luggage dropoff allowed"", ""Dedicated workspace"", ""Carbon monoxide alarm"", ""Smoke alarm"", ""Extra pillows and blankets"", ""Microwave"", ""Hot water""]",t,2023-10-29,2024-08-25,2863615,1,501999514,98.0,11.1,41.88621810812601,-87.62687186397162,4.0,1.0,1.0,2.0,399.0,1.0,1125,1.0,416.2,18,38,63,297,8.0,8.0,1.0,4.63,5.0,5.0,4.63,5.0,5.0,4.75,0.74
5870,RoomPicks,2023-02-20,No location,within an hour,99%,0,Central Business District,"['email', 'phone']",t,1,Neighborhood highlights,Loop,6,2,2 baths,"[""Paid parking on premises"", ""Refrigerator"", ""First aid kit"", ""Building staff"", ""Self check-in"", ""Wifi"", ""Pets allowed"", ""Heating"", ""Shampoo"", ""Gym"", ""Hangers"", ""TV"", ""Air conditioning"", ""Coffee maker"", ""Hair dryer"", ""Essentials"", ""Bed linens"", ""Iron"", ""Fire extinguisher"", ""Luggage dropoff allowed"", ""Dedicated workspace"", ""Carbon monoxide alarm"", ""Smoke alarm"", ""Extra pillows and blankets"", ""Microwave"", ""Hot water""]",t,2023-11-23,2024-07-07,2863615,1,501999514,98.0,11.1,41.88683902561512,-87.62658737801762,8.0,2.0,2.0,4.0,399.0,1.0,1125,1.0,441.6,13,31,56,286,9.0,9.0,0.0,4.56,4.44,4.56,4.9,4.9,4.9,4.8,0.9
5871,RoomPicks,2023-02-20,No location,within an hour,99%,0,Central Business District,"['email', 'phone']",t,1,Neighborhood highlights,Loop,6,2,3 baths,"[""Paid parking on premises"", ""Refrigerator"", ""First aid kit"", ""Building staff"", ""Self check-in"", ""Wifi"", ""Pets allowed"", ""Heating"", ""Shampoo"", ""Gym"", ""Hangers"", ""TV"", ""Air conditioning"", ""Coffee maker"", ""Hair dryer"", ""Essentials"", ""Bed linens"", ""Iron"", ""Fire extinguisher"", ""Luggage dropoff allowed"", ""Dedicated workspace"", ""Carbon monoxide alarm"", ""Smoke alarm"", ""Extra pillows and blankets"", ""Microwave"", ""Hot water""]",t,2024-03-06,2024-03-06,2863615,1,501999514,98.0,11.1,41.88837321233426,-87.62594212432643,12.0,3.0,3.0,6.0,399.0,1.0,1125,1.0,464.8,11,26,48,278,1.0,1.0,0.0,5.0,5.0,5.0,5.0,5.0,5.0,5.0,0.15
5872,RoomPicks,2023-02-20,No location,within an hour,99%,0,Central Business District,"['email', 'phone']",t,1,Neighborhood highlights,Loop,6,2,4 baths,"[""Paid parking on premises"", ""Refrigerator"", ""First aid kit"", ""Building staff"", ""Self check-in"", ""Wifi"", ""Pets allowed"", ""Heating"", ""Shampoo"", ""Gym"", ""Hangers"", ""TV"", ""Air conditioning"", ""Coffee maker"", ""Hair dryer"", ""Essentials"", ""Bed linens"", ""Iron"", ""Fire extinguisher"", ""Luggage dropoff allowed"", ""Dedicated workspace"", ""Carbon monoxide alarm"", ""Smoke alarm"", ""Extra pillows and blankets"", ""Microwave"", ""Hot water""]",t,2023-11-12,2023-11-12,2863615,1,501999514,98.0,11.1,41.88799,-87.62664,4.1,1.4,1.5,2.1,399.0,1.0,1125,1.0,485.4,9,23,45,273,1.0,1.0,0.0,5.0,5.0,5.0,5.0,5.0,5.0,5.0,0.1
5907,RoomPicks,2023-02-20,No location,within an hour,99%,0,Central Business District,"['email', 'phone']",t,1,Neighborhood highlights,Loop,6,2,1 bath,"[""Refrigerator"", ""First aid kit"", ""Building staff"", ""Self check-in"", ""Wifi"", ""Pets allowed"", ""Heating"", ""Shampoo"", ""Gym"", ""Hangers"", ""TV"", ""Air conditioning"", ""Paid parking off premises"", ""Coffee maker"", ""Hair dryer"", ""Essentials"", ""Bed linens"", ""Iron"", ""Fire extinguisher"", ""Luggage dropoff allowed"", ""Dedicated workspace"", ""Carbon monoxide alarm"", ""Smoke alarm"", ""Extra pillows and blankets"", ""Microwave"", ""Hot water""]",t,2024-07-03,2024-08-16,2863615,1,501999514,98.0,11.1,41.8836859168566,-87.6326720067553,2.0,1.0,1.0,1.0,211.0,1.0,1125,1.1,759.2,26,55,85,342,3.0,3.0,0.0,4.8,4.9,4.9,4.9,4.9,4.9,4.8,1.17
6250,RoomPicks,2023-02-20,No location,within an hour,99%,0,Central Business District,"['email', 'phone']",t,1,Neighborhood highlights,Loop,6,2,1 bath,"[""Refrigerator"", ""First aid kit"", ""Building staff"", ""Self check-in"", ""Wifi"", ""Pets allowed"", ""Heating"", ""Shampoo"", ""Gym"", ""Hangers"", ""TV"", ""Air conditioning"", ""Paid parking off premises"", ""Coffee maker"", ""Hair dryer"", ""Essentials"", ""Bed linens"", ""Iron"", ""Fire extinguisher"", ""Luggage dropoff allowed"", ""Dedicated workspace"", ""Carbon monoxide alarm"", ""Smoke alarm"", ""Extra pillows and blankets"", ""Microwave"", ""Hot water""]",t,2024-07-21,2024-09-15,2863615,1,501999514,98.0,11.1,41.88362,-87.63242,2.0,1.0,1.0,1.0,399.0,1.0,1125,1.1,689.6,22,49,78,335,3.0,3.0,1.0,5.0,5.0,4.67,5.0,5.0,5.0,4.67,1.53
6251,RoomPicks,2023-02-20,No location,within an hour,99%,0,Central Business District,"['email', 'phone']",t,1,Neighborhood highlights,Loop,6,2,1 bath,"[""Refrigerator"", ""First aid kit"", ""Building staff"", ""Self check-in"", ""Wifi"", ""Pets allowed"", ""Heating"", ""Shampoo"", ""Gym"", ""Hangers"", ""TV"", ""Air conditioning"", ""Paid parking off premises"", ""Coffee maker"", ""Hair dryer"", ""Essentials"", ""Bed linens"", ""Iron"", ""Fire extinguisher"", ""Luggage dropoff allowed"", ""Dedicated workspace"", ""Carbon monoxide alarm"", ""Smoke alarm"", ""Extra pillows and blankets"", ""Microwave"", ""Hot water""]",t,31/12/2030,31/12/2030,2863615,1,501999514,98.0,11.1,41.88402,-87.63464,4.0,1.0,1.0,2.0,319.0,1.0,1125,4.2,620.4,19,47,77,329,0.0,0.0,0.0,4.8,5.0,4.9,4.8,5.0,4.9,4.8,0.44
6252,RoomPicks,2023-02-20,No location,within an hour,99%,0,Central Business District,"['email', 'phone']",t,1,Neighborhood highlights,Loop,6,2,1 bath,"[""Refrigerator"", ""First aid kit"", ""Building staff"", ""Self check-in"", ""Wifi"", ""Pets allowed"", ""Heating"", ""Shampoo"", ""Gym"", ""Hangers"", ""TV"", ""Air conditioning"", ""Paid parking off premises"", ""Coffee maker"", ""Hair dryer"", ""Essentials"", ""Bed linens"", ""Iron"", ""Fire extinguisher"", ""Luggage dropoff allowed"", ""Dedicated workspace"", ""Carbon monoxide alarm"", ""Smoke alarm"", ""Extra pillows and blankets"", ""Microwave"", ""Hot water""]",t,31/12/2030,31/12/2030,2863615,1,501999514,98.0,11.1,41.88517,-87.63387,3.0,1.0,1.0,1.0,319.0,1.0,1125,1.0,1125.0,0,0,0,0,0.0,0.0,0.0,4.8,5.0,4.9,4.8,5.0,4.9,4.8,0.44
6253,RoomPicks,2023-02-20,No location,within an hour,99%,0,Central Business District,"['email', 'phone']",t,1,Neighborhood highlights,Loop,6,2,1 bath,"[""Refrigerator"", ""First aid kit"", ""Building staff"", ""Self check-in"", ""Wifi"", ""Pets allowed"", ""Heating"", ""Shampoo"", ""Gym"", ""Hangers"", ""TV"", ""Air conditioning"", ""Paid parking off premises"", ""Coffee maker"", ""Hair dryer"", ""Essentials"", ""Bed linens"", ""Iron"", ""Fire extinguisher"", ""Luggage dropoff allowed"", ""Dedicated workspace"", ""Carbon monoxide alarm"", ""Smoke alarm"", ""Extra pillows and blankets"", ""Microwave"", ""Hot water""]",t,31/12/2030,31/12/2030,2863615,1,501999514,98.0,11.1,41.88348298344492,-87.63309939695884,3.0,1.0,1.0,1.0,319.0,1.0,1125,4.4,790.4,22,51,81,338,0.0,0.0,0.0,4.8,5.0,4.9,4.8,5.0,4.9,4.8,0.44
6254,RoomPicks,2023-02-20,No location,within an hour,99%,0,Central Business District,"['email', 'phone']",t,1,Neighborhood highlights,Loop,6,2,1 bath,"[""Refrigerator"", ""First aid kit"", ""Building staff"", ""Self check-in"", ""Wifi"", ""Pets allowed"", ""Heating"", ""Shampoo"", ""Gym"", ""Hangers"", ""TV"", ""Air conditioning"", ""Paid parking off premises"", ""Coffee maker"", ""Hair dryer"", ""Essentials"", ""Bed linens"", ""Iron"", ""Fire extinguisher"", ""Luggage dropoff allowed"", ""Dedicated workspace"", ""Carbon monoxide alarm"", ""Smoke alarm"", ""Extra pillows and blankets"", ""Microwave"", ""Hot water""]",t,31/12/2030,31/12/2030,2863615,1,501999514,98.0,11.1,41.88334273500279,-87.63256007785733,2.0,1.0,1.0,1.0,319.0,1.0,1125,1.1,789.8,17,46,76,333,0.0,0.0,0.0,4.8,5.0,4.9,4.8,5.0,4.9,4.8,0.44
6255,RoomPicks,2023-02-20,No location,within an hour,99%,0,Central Business District,"['email', 'phone']",t,1,Neighborhood highlights,Loop,6,2,1 bath,"[""Refrigerator"", ""First aid kit"", ""Building staff"", ""Self check-in"", ""Wifi"", ""Pets allowed"", ""Heating"", ""Shampoo"", ""Gym"", ""Hangers"", ""TV"", ""Air conditioning"", ""Paid parking off premises"", ""Coffee maker"", ""Bed linens"", ""Essentials"", ""Iron"", ""Fire extinguisher"", ""Luggage dropoff allowed"", ""Dedicated workspace"", ""Carbon monoxide alarm"", ""Smoke alarm"", ""Extra pillows and blankets"", ""Microwave"", ""Hot water""]",t,31/12/2030,31/12/2030,2863615,1,501999514,98.0,11.1,41.88396,-87.63244,2.0,1.0,1.0,1.0,319.0,1.0,1125,4.3,833.8,16,44,74,331,0.0,0.0,0.0,4.8,5.0,4.9,4.8,5.0,4.9,4.8,0.44
6256,RoomPicks,2023-02-20,No location,within an hour,99%,0,Central Business District,"['email', 'phone']",t,1,Neighborhood highlights,Loop,6,2,2 baths,"[""Refrigerator"", ""First aid kit"", ""Building staff"", ""Self check-in"", ""Wifi"", ""Pets allowed"", ""Heating"", ""Shampoo"", ""Gym"", ""Hangers"", ""TV"", ""Air conditioning"", ""Paid parking off premises"", ""Coffee maker"", ""Hair dryer"", ""Essentials"", ""Bed linens"", ""Iron"", ""Fire extinguisher"", ""Luggage dropoff allowed"", ""Dedicated workspace"", ""Carbon monoxide alarm"", ""Smoke alarm"", ""Extra pillows and blankets"", ""Microwave"", ""Hot water""]",t,2024-07-12,2024-07-12,2863615,1,501999514,98.0,11.1,41.88523,-87.63326,8.0,1.4,2.0,2.1,319.0,1.0,1125,1.1,555.8,18,47,77,329,1.0,1.0,0.0,5.0,5.0,5.0,5.0,5.0,5.0,5.0,0.44
6257,RoomPicks,2023-02-20,No location,within an hour,99%,0,Central Business District,"['email', 'phone']",t,1,Neighborhood highlights,Loop,6,2,3 baths,"[""Refrigerator"", ""First aid kit"", ""Building staff"", ""Self check-in"", ""Wifi"", ""Pets allowed"", ""Heating"", ""Shampoo"", ""Gym"", ""Hangers"", ""TV"", ""Air conditioning"", ""Paid parking off premises"", ""Coffee maker"", ""Hair dryer"", ""Essentials"", ""Bed linens"", ""Iron"", ""Fire extinguisher"", ""Luggage dropoff allowed"", ""Dedicated workspace"", ""Carbon monoxide alarm"", ""Smoke alarm"", ""Extra pillows and blankets"", ""Microwave"", ""Hot water""]",t,31/12/2030,31/12/2030,2863615,1,501999514,98.0,11.1,41.88353530978844,-87.63296630780802,12.0,3.0,3.0,6.0,319.0,1.0,1125,4.2,620.4,18,46,76,328,0.0,0.0,0.0,4.8,5.0,4.9,4.8,5.0,4.9,4.8,5.37
6453,RoomPicks,2013-03-25,"Miami, FL",within an hour,98%,0,Clearwater Beach,['phone'],t,1,Neighborhood highlights,Near North Side,6,2,1 bath,"[""First aid kit"", ""Building staff"", ""Self check-in"", ""Wifi"", ""Pets allowed"", ""Heating"", ""Shampoo"", ""Gym"", ""Hangers"", ""TV"", ""Air conditioning"", ""Hair dryer"", ""Essentials"", ""Bed linens"", ""Iron"", ""Fire extinguisher"", ""Luggage dropoff allowed"", ""Dedicated workspace"", ""Carbon monoxide alarm"", ""Smoke alarm"", ""Extra pillows and blankets"", ""Hot water""]",t,2023-12-17,2024-08-11,2208156,1,5615582,96.0,11.1,41.895549101679,-87.63112006386055,2.0,1.0,1.0,1.0,150.0,1.0,1125,1.0,896.3,27,57,87,357,5.0,5.0,0.0,4.8,4.9,4.9,4.8,4.9,4.6,4.8,0.54
6454,RoomPicks,2013-03-25,"Miami, FL",within an hour,98%,0,Clearwater Beach,['phone'],t,1,Neighborhood highlights,Near North Side,6,2,1 bath,"[""First aid kit"", ""Building staff"", ""Self check-in"", ""Wifi"", ""Pets allowed"", ""Heating"", ""Shampoo"", ""Gym"", ""Hangers"", ""TV"", ""Air conditioning"", ""Hair dryer"", ""Essentials"", ""Bed linens"", ""Iron"", ""Fire extinguisher"", ""Luggage dropoff allowed"", ""Dedicated workspace"", ""Carbon monoxide alarm"", ""Smoke alarm"", ""Extra pillows and blankets"", ""Hot water""]",t,31/12/2030,31/12/2030,2208156,1,5615582,96.0,11.1,41.895628545015015,-87.63056428053028,2.0,1.0,1.0,1.0,150.0,1.0,1125,1.0,743.3,13,38,67,335,0.0,0.0,0.0,4.8,4.9,4.9,4.8,5.0,4.9,4.8,0.54
6455,RoomPicks,2013-03-25,"Miami, FL",within an hour,98%,0,Clearwater Beach,['phone'],t,1,Neighborhood highlights,Near North Side,6,2,2 baths,"[""First aid kit"", ""Building staff"", ""Self check-in"", ""Wifi"", ""Pets allowed"", ""Heating"", ""Shampoo"", ""Gym"", ""Hangers"", ""TV"", ""Air conditioning"", ""Hair dryer"", ""Essentials"", ""Bed linens"", ""Iron"", ""Fire extinguisher"", ""Luggage dropoff allowed"", ""Dedicated workspace"", ""Carbon monoxide alarm"", ""Smoke alarm"", ""Extra pillows and blankets"", ""Hot water""]",t,2023-12-17,2024-07-15,2208156,1,5615582,96.0,11.1,41.89354,-87.63243,4.0,2.0,2.0,2.0,299.0,1.0,1125,1.0,896.3,27,57,87,357,5.0,5.0,0.0,5.0,4.8,4.8,5.0,5.0,5.0,5.0,0.54
6469,RoomPicks,2023-01-10,No location,within an hour,99%,0,Scottsdale Villa Mirage Resort Condo,['phone'],t,0,Neighborhood highlights,Near North Side,6,2,1 bath,"[""Paid parking on premises"", ""Refrigerator"", ""First aid kit"", ""Building staff"", ""Self check-in"", ""Wifi"", ""Dishwasher"", ""Pets allowed"", ""Heating"", ""Stove"", ""Breakfast"", ""Shampoo"", ""Gym"", ""Hangers"", ""TV"", ""Air conditioning"", ""Coffee maker"", ""Dishes and silverware"", ""Hair dryer"", ""Essentials"", ""Bed linens"", ""Iron"", ""Fire extinguisher"", ""Luggage dropoff allowed"", ""Dedicated workspace"", ""Carbon monoxide alarm"", ""Smoke alarm"", ""Extra pillows and blankets"", ""Kitchen"", ""Microwave"", ""Hot water""]",t,31/12/2030,31/12/2030,2636556,1,495439249,78.0,11.1,41.89581,-87.63091,4.0,1.0,1.0,1.0,162.9,1.0,1125,1.0,869.8,20,45,75,242,0.0,0.0,0.0,4.8,4.64,4.9,4.8,4.79,4.9,4.8,1.8
6643,RoomPicks,2023-02-20,No location,within an hour,99%,0,Central Business District,"['email', 'phone']",t,1,Neighborhood highlights,Near North Side,6,2,1 bath,"[""Paid parking on premises"", ""First aid kit"", ""Building staff"", ""Self check-in"", ""Wifi"", ""Pets allowed"", ""Heating"", ""Shampoo"", ""Gym"", ""Hangers"", ""TV"", ""Air conditioning"", ""Coffee maker"", ""Bed linens"", ""Essentials"", ""Iron"", ""Fire extinguisher"", ""Luggage dropoff allowed"", ""Dedicated workspace"", ""Pool"", ""Carbon monoxide alarm"", ""Smoke alarm"", ""Extra pillows and blankets"", ""Microwave"", ""Hot water""]",t,2024-02-03,2024-09-04,2863615,1,501999514,98.0,11.1,41.89066,-87.62795,2.0,1.0,1.0,1.0,245.0,1.0,1125,1.0,794.9,18,48,78,349,36.0,36.0,5.0,4.8,4.9,4.69,4.9,4.9,4.78,4.8,4.74
6797,RoomPicks,2023-02-20,No location,within an hour,99%,0,Gateway District,"['email', 'phone']",t,1,No specified,Near North Side,6,2,1 bath,"[""Paid parking on premises"", ""First aid kit"", ""Building staff"", ""Self check-in"", ""Wifi"", ""Heating"", ""Shampoo"", ""Gym"", ""Hangers"", ""TV"", ""Air conditioning"", ""Hair dryer"", ""Essentials"", ""Bed linens"", ""Iron"", ""Fire extinguisher"", ""Luggage dropoff allowed"", ""Dedicated workspace"", ""Carbon monoxide alarm"", ""Smoke alarm"", ""Extra pillows and blankets"", ""Hot water""]",t,2024-06-09,2024-07-14,2834965,1,501999278,88.0,11.1,41.89482,-87.62164,4.0,1.0,1.0,1.0,162.9,1.0,1125,1.0,129.4,17,39,64,327,2.0,2.0,0.0,5.0,5.0,5.0,5.0,5.0,5.0,5.0,0.59
6801,RoomPicks,2023-02-20,No location,within an hour,99%,0,Gateway District,"['email', 'phone']",t,1,No specified,Near North Side,6,2,1 bath,"[""Paid parking on premises"", ""First aid kit"", ""Building staff"", ""Self check-in"", ""Wifi"", ""Heating"", ""Shampoo"", ""Gym"", ""Hangers"", ""TV"", ""Air conditioning"", ""Hair dryer"", ""Essentials"", ""Bed linens"", ""Iron"", ""Fire extinguisher"", ""Luggage dropoff allowed"", ""Dedicated workspace"", ""Carbon monoxide alarm"", ""Smoke alarm"", ""Extra pillows and blankets"", ""Hot water""]",t,31/12/2030,31/12/2030,2834965,1,501999278,88.0,11.1,41.89515,-87.62328,4.0,1.0,1.0,1.0,162.9,1.0,1125,1.0,129.4,17,39,64,327,0.0,0.0,0.0,4.8,5.0,4.9,4.8,4.9,4.9,4.8,1.8
6802,RoomPicks,2023-02-20,No location,within an hour,99%,0,Gateway District,"['email', 'phone']",t,1,Neighborhood highlights,Near North Side,6,2,2 baths,"[""Paid parking on premises"", ""First aid kit"", ""Building staff"", ""Self check-in"", ""Wifi"", ""Heating"", ""Shampoo"", ""Gym"", ""Hangers"", ""TV"", ""Air conditioning"", ""Hair dryer"", ""Essentials"", ""Bed linens"", ""Iron"", ""Fire extinguisher"", ""Luggage dropoff allowed"", ""Dedicated workspace"", ""Carbon monoxide alarm"", ""Smoke alarm"", ""Extra pillows and blankets"", ""Hot water""]",t,31/12/2030,31/12/2030,2834965,1,501999278,88.0,11.1,41.89544,-87.62161,8.0,2.0,2.0,2.0,162.9,1.0,1125,1.0,395.6,0,0,0,239,0.0,0.0,0.0,4.8,5.0,4.9,4.8,4.9,4.9,4.8,1.8
6803,RoomPicks,2023-02-20,No location,within an hour,99%,0,Gateway District,"['email', 'phone']",t,1,Neighborhood highlights,Near North Side,6,2,2 baths,"[""Paid parking on premises"", ""First aid kit"", ""Building staff"", ""Self check-in"", ""Wifi"", ""Heating"", ""Shampoo"", ""Gym"", ""Hangers"", ""TV"", ""Air conditioning"", ""Hair dryer"", ""Essentials"", ""Bed linens"", ""Iron"", ""Fire extinguisher"", ""Luggage dropoff allowed"", ""Dedicated workspace"", ""Carbon monoxide alarm"", ""Smoke alarm"", ""Extra pillows and blankets"", ""Hot water""]",t,31/12/2030,31/12/2030,2834965,1,501999278,88.0,11.1,41.896802010145336,-87.62172152614805,8.0,2.0,2.0,2.0,162.9,1.0,1125,1.0,395.6,0,0,0,239,0.0,0.0,0.0,4.8,5.0,4.9,4.8,4.9,4.9,4.8,1.8
6804,RoomPicks,2023-02-20,No location,within an hour,99%,0,Gateway District,"['email', 'phone']",t,1,Neighborhood highlights,Near North Side,6,2,1 bath,"[""Paid parking on premises"", ""First aid kit"", ""Building staff"", ""Self check-in"", ""Wifi"", ""Heating"", ""Shampoo"", ""Gym"", ""Hangers"", ""TV"", ""Air conditioning"", ""Hair dryer"", ""Essentials"", ""Bed linens"", ""Iron"", ""Fire extinguisher"", ""Luggage dropoff allowed"", ""Dedicated workspace"", ""Carbon monoxide alarm"", ""Smoke alarm"", ""Extra pillows and blankets"", ""Hot water""]",t,2024-08-14,2024-09-08,2834965,1,501999278,88.0,11.1,41.89558200779958,-87.62366706848718,2.0,1.0,1.0,1.0,162.9,1.0,1125,1.0,106.3,15,36,61,334,8.0,8.0,5.0,4.8,4.9,4.9,4.9,4.9,4.75,4.8,1.8
6805,RoomPicks,2023-02-20,No location,within an hour,99%,0,Gateway District,"['email', 'phone']",t,1,Neighborhood highlights,Near North Side,6,2,1 bath,"[""Paid parking on premises"", ""First aid kit"", ""Building staff"", ""Self check-in"", ""Wifi"", ""Heating"", ""Shampoo"", ""Gym"", ""Hangers"", ""TV"", ""Air conditioning"", ""Hair dryer"", ""Essentials"", ""Bed linens"", ""Iron"", ""Fire extinguisher"", ""Luggage dropoff allowed"", ""Dedicated workspace"", ""Carbon monoxide alarm"", ""Smoke alarm"", ""Extra pillows and blankets"", ""Hot water""]",t,31/12/2030,31/12/2030,2834965,1,501999278,88.0,11.1,41.89714118722965,-87.62236343860727,2.0,1.0,1.0,1.0,162.9,1.0,1125,1.0,119.2,15,36,61,334,0.0,0.0,0.0,4.8,4.9,4.9,4.8,4.9,4.9,4.8,2.63
6819,RoomPicks,2023-02-20,No location,within an hour,99%,0,Gateway District,"['email', 'phone']",t,1,No specified,Near North Side,6,2,3 baths,"[""Paid parking on premises"", ""First aid kit"", ""Building staff"", ""Self check-in"", ""Wifi"", ""Heating"", ""Shampoo"", ""Gym"", ""Hangers"", ""TV"", ""Air conditioning"", ""Hair dryer"", ""Essentials"", ""Bed linens"", ""Iron"", ""Fire extinguisher"", ""Luggage dropoff allowed"", ""Dedicated workspace"", ""Carbon monoxide alarm"", ""Smoke alarm"", ""Extra pillows and blankets"", ""Hot water""]",t,2024-07-24,2024-07-24,2834965,1,501999278,88.0,11.1,41.89650783652875,-87.62178281973097,12.0,3.0,3.0,6.0,162.9,1.0,1125,1.0,129.0,14,36,61,329,1.0,1.0,0.0,5.0,5.0,5.0,5.0,5.0,5.0,4.8,0.54
6820,RoomPicks,2023-02-20,No location,within an hour,99%,0,Gateway District,"['email', 'phone']",t,1,No specified,Near North Side,6,2,3 baths,"[""Paid parking on premises"", ""First aid kit"", ""Building staff"", ""Self check-in"", ""Wifi"", ""Heating"", ""Shampoo"", ""Gym"", ""Hangers"", ""TV"", ""Air conditioning"", ""Hair dryer"", ""Essentials"", ""Bed linens"", ""Iron"", ""Fire extinguisher"", ""Luggage dropoff allowed"", ""Dedicated workspace"", ""Carbon monoxide alarm"", ""Smoke alarm"", ""Extra pillows and blankets"", ""Hot water""]",t,2024-03-06,2024-07-12,2834965,1,501999278,88.0,11.1,41.89625,-87.62365,12.0,3.0,3.0,6.0,162.9,1.0,1125,1.0,131.6,14,36,61,329,2.0,2.0,0.0,4.8,4.9,4.9,4.9,4.9,4.9,4.8,0.31
7145,RoomPicks,2023-02-20,No location,within an hour,99%,0,Gateway District,"['email', 'phone']",t,1,Neighborhood highlights,Near West Side,12,2,1 bath,"[""Building staff"", ""Self check-in"", ""Pets allowed""]",t,31/12/2030,31/12/2030,2663847,1,501999278,88.0,11.1,41.88524696134559,-87.65060785852579,2.0,1.0,1.0,1.0,162.9,1.0,1125,1.0,467.6,25,39,49,213,0.0,0.0,0.0,4.8,4.6,4.9,4.8,5.0,4.9,4.8,1.89
7146,RoomPicks,2023-02-20,No location,within an hour,99%,0,Gateway District,"['email', 'phone']",t,1,Neighborhood highlights,Near West Side,12,2,1 bath,"[""First aid kit"", ""Building staff"", ""Self check-in"", ""Wifi"", ""Pets allowed"", ""Heating"", ""Shampoo"", ""Gym"", ""Hangers"", ""Free parking on premises"", ""Bathtub"", ""TV"", ""Air conditioning"", ""Coffee maker"", ""Bed linens"", ""Essentials"", ""Iron"", ""Fire extinguisher"", ""Luggage dropoff allowed"", ""Dedicated workspace"", ""Carbon monoxide alarm"", ""Pool"", ""Smoke alarm"", ""Extra pillows and blankets"", ""Hot water""]",t,31/12/2030,31/12/2030,2663847,1,501999278,88.0,11.1,41.88584725766486,-87.64860746091958,2.0,1.0,1.0,1.0,319.0,1.0,1125,1.0,559.7,19,28,28,185,0.0,0.0,0.0,4.8,4.6,4.9,4.8,5.0,4.9,4.8,1.89
7147,RoomPicks,2023-02-20,No location,within an hour,99%,0,Gateway District,"['email', 'phone']",t,1,Neighborhood highlights,Near West Side,12,2,1 bath,"[""First aid kit"", ""Building staff"", ""Self check-in"", ""Wifi"", ""Pets allowed"", ""Heating"", ""Shampoo"", ""Gym"", ""Hangers"", ""Free parking on premises"", ""Bathtub"", ""TV"", ""Air conditioning"", ""Coffee maker"", ""Bed linens"", ""Essentials"", ""Iron"", ""Fire extinguisher"", ""Luggage dropoff allowed"", ""Dedicated workspace"", ""Carbon monoxide alarm"", ""Pool"", ""Smoke alarm"", ""Extra pillows and blankets"", ""Hot water""]",t,31/12/2030,31/12/2030,2663847,1,501999278,88.0,11.1,41.88514354748196,-87.65038648564239,2.0,1.0,1.0,1.0,162.9,1.0,1125,1.0,441.0,26,45,56,222,0.0,0.0,0.0,4.8,4.6,4.9,4.8,5.0,4.9,4.8,1.89
7148,RoomPicks,2023-02-20,No location,within an hour,99%,0,Gateway District,"['email', 'phone']",t,1,Neighborhood highlights,Near West Side,12,2,1 bath,"[""First aid kit"", ""Building staff"", ""Self check-in"", ""Wifi"", ""Pets allowed"", ""Heating"", ""Shampoo"", ""Gym"", ""Hangers"", ""Free parking on premises"", ""Bathtub"", ""TV"", ""Air conditioning"", ""Coffee maker"", ""Bed linens"", ""Essentials"", ""Iron"", ""Fire extinguisher"", ""Luggage dropoff allowed"", ""Dedicated workspace"", ""Carbon monoxide alarm"", ""Pool"", ""Smoke alarm"", ""Extra pillows and blankets"", ""Hot water""]",t,31/12/2030,31/12/2030,2663847,1,501999278,88.0,11.1,41.8858867547484,-87.64978255654341,2.0,1.0,1.0,1.0,319.0,1.0,1125,1.0,538.5,17,26,26,189,0.0,0.0,0.0,4.8,4.6,4.9,4.8,5.0,4.9,4.8,1.89
7149,RoomPicks,2023-02-20,No location,within an hour,99%,0,Gateway District,"['email', 'phone']",t,1,Neighborhood highlights,Near West Side,12,2,1 bath,"[""First aid kit"", ""Building staff"", ""Self check-in"", ""Wifi"", ""Pets allowed"", ""Heating"", ""Shampoo"", ""Gym"", ""Hangers"", ""Free parking on premises"", ""Bathtub"", ""TV"", ""Air conditioning"", ""Coffee maker"", ""Bed linens"", ""Essentials"", ""Iron"", ""Fire extinguisher"", ""Luggage dropoff allowed"", ""Dedicated workspace"", ""Carbon monoxide alarm"", ""Pool"", ""Smoke alarm"", ""Extra pillows and blankets"", ""Hot water""]",t,31/12/2030,31/12/2030,2663847,1,501999278,88.0,11.1,41.88378554525649,-87.64985210384646,2.0,1.0,1.0,1.0,162.9,1.0,1125,1.0,461.0,24,42,52,215,0.0,0.0,0.0,4.8,4.6,4.9,4.8,5.0,4.9,4.8,1.89
7150,RoomPicks,2023-02-20,No location,within an hour,99%,0,Gateway District,"['email', 'phone']",t,1,Neighborhood highlights,Near West Side,12,2,1 bath,"[""Building staff"", ""Self check-in"", ""Pets allowed""]",t,31/12/2030,31/12/2030,2663847,1,501999278,88.0,11.1,41.88395610375993,-87.65044671391848,2.0,1.0,1.0,1.0,162.9,1.0,1125,1.0,466.2,24,38,48,212,0.0,0.0,0.0,4.8,4.6,4.9,4.8,5.0,4.9,4.8,1.89
7151,RoomPicks,2023-02-20,No location,within an hour,99%,0,Gateway District,"['email', 'phone']",t,1,Neighborhood highlights,Near West Side,12,2,1 bath,"[""First aid kit"", ""Building staff"", ""Self check-in"", ""Wifi"", ""Pets allowed"", ""Heating"", ""Shampoo"", ""Gym"", ""Hangers"", ""Free parking on premises"", ""Bathtub"", ""TV"", ""Air conditioning"", ""Coffee maker"", ""Bed linens"", ""Essentials"", ""Iron"", ""Fire extinguisher"", ""Luggage dropoff allowed"", ""Dedicated workspace"", ""Carbon monoxide alarm"", ""Pool"", ""Smoke alarm"", ""Extra pillows and blankets"", ""Hot water""]",t,31/12/2030,31/12/2030,2663847,1,501999278,88.0,11.1,41.88420661388268,-87.64841424939102,2.0,1.0,1.0,1.0,303.0,1.0,1125,1.0,556.5,18,31,38,177,0.0,0.0,0.0,4.8,4.6,4.9,4.8,5.0,4.9,4.8,1.89
7152,RoomPicks,2023-02-20,No location,within an hour,99%,0,Gateway District,"['email', 'phone']",t,1,Neighborhood highlights,Near West Side,12,2,1 bath,"[""First aid kit"", ""Building staff"", ""Self check-in"", ""Wifi"", ""Pets allowed"", ""Heating"", ""Shampoo"", ""Gym"", ""Hangers"", ""Free parking on premises"", ""Bathtub"", ""TV"", ""Air conditioning"", ""Coffee maker"", ""Bed linens"", ""Essentials"", ""Iron"", ""Fire extinguisher"", ""Luggage dropoff allowed"", ""Dedicated workspace"", ""Carbon monoxide alarm"", ""Pool"", ""Smoke alarm"", ""Extra pillows and blankets"", ""Hot water""]",t,31/12/2030,31/12/2030,2663847,1,501999278,88.0,11.1,41.885808637808026,-87.64909629886834,2.0,1.0,1.0,1.0,303.0,1.0,1125,1.0,511.2,19,32,39,196,0.0,0.0,0.0,4.8,4.6,4.9,4.8,5.0,4.9,4.8,1.89
7233,RoomPicks,2023-02-20,No location,within an hour,99%,0,Central Business District,"['email', 'phone']",t,1,Neighborhood highlights,Loop,6,2,1 bath,"[""Refrigerator"", ""First aid kit"", ""Building staff"", ""Self check-in"", ""Wifi"", ""Pets allowed"", ""Heating"", ""Shampoo"", ""Gym"", ""Hangers"", ""TV"", ""Air conditioning"", ""Paid parking off premises"", ""Coffee maker"", ""Hair dryer"", ""Essentials"", ""Bed linens"", ""Iron"", ""Fire extinguisher"", ""Luggage dropoff allowed"", ""Dedicated workspace"", ""Carbon monoxide alarm"", ""Smoke alarm"", ""Extra pillows and blankets"", ""Microwave"", ""Hot water""]",t,31/12/2030,31/12/2030,2863615,1,501999514,98.0,11.1,41.88509,-87.63251,2.0,1.0,1.0,1.0,319.0,1.0,1125,4.3,790.2,21,48,77,334,0.0,0.0,0.0,4.8,5.0,4.9,4.8,4.9,4.9,4.8,0.49
7251,RoomPicks,2023-02-20,No location,within an hour,99%,0,Central Business District,"['email', 'phone']",t,1,Neighborhood highlights,Loop,6,2,1 bath,"[""Paid parking on premises"", ""Refrigerator"", ""First aid kit"", ""Building staff"", ""Self check-in"", ""Wifi"", ""Pets allowed"", ""Heating"", ""Shampoo"", ""Gym"", ""Hangers"", ""TV"", ""Air conditioning"", ""Coffee maker"", ""Hair dryer"", ""Essentials"", ""Bed linens"", ""Iron"", ""Fire extinguisher"", ""Luggage dropoff allowed"", ""Dedicated workspace"", ""Carbon monoxide alarm"", ""Smoke alarm"", ""Extra pillows and blankets"", ""Microwave"", ""Hot water""]",t,2024-07-06,2024-08-18,2863615,1,501999514,98.0,11.1,41.88792335747024,-87.62496129978987,2.0,1.0,1.0,1.0,399.0,1.0,1125,1.0,564.5,25,51,81,336,3.0,3.0,2.0,5.0,5.0,5.0,5.0,5.0,5.0,5.0,1.22
7252,RoomPicks,2023-02-20,No location,within an hour,99%,0,Central Business District,"['email', 'phone']",t,1,Neighborhood highlights,Loop,6,2,1 bath,"[""Paid parking on premises"", ""Refrigerator"", ""First aid kit"", ""Building staff"", ""Self check-in"", ""Wifi"", ""Pets allowed"", ""Heating"", ""Shampoo"", ""Gym"", ""Hangers"", ""TV"", ""Air conditioning"", ""Coffee maker"", ""Hair dryer"", ""Essentials"", ""Bed linens"", ""Iron"", ""Fire extinguisher"", ""Luggage dropoff allowed"", ""Dedicated workspace"", ""Carbon monoxide alarm"", ""Smoke alarm"", ""Extra pillows and blankets"", ""Microwave"", ""Hot water""]",t,2024-05-27,2024-06-22,2863615,1,501999514,98.0,11.1,41.88681,-87.6246,4.0,1.0,1.0,2.0,399.0,1.0,1125,1.0,605.1,25,55,85,337,2.0,2.0,0.0,5.0,5.0,5.0,5.0,5.0,5.0,5.0,0.53
